Particle_ID,X_Coord,Y_Coord,Z_Coord
1,2.94765e+04,2.94550e+04,1.00585e+03
2,2.94765e+04,2.90990e+04,1.00746e+03
3,2.94765e+04,2.92303e+04,1.00711e+03
4,2.94765e+04,2.91963e+04,1.00801e+03
5,2.94765e+04,2.93006e+04,1.00875e+03
6,2.94765e+04,2.92650e+04,1.00853e+03
7,2.94765e+04,2.93678e+04,1.00615e+03
8,2.94765e+04,2.93348e+04,1.00738e+03
9,2.94765e+04,2.94323e+04,1.01123e+03
10,2.94765e+04,2.94019e+04,1.00704e+03
11,2.94765e+04,2.91285e+04,1.01155e+03
12,2.94765e+04,2.90739e+04,1.00561e+03
13,2.94765e+04,2.91603e+04,1.00623e+03
14,2.94765e+04,2.94598e+04,1.09802e+02
15,2.94765e+04,2.94587e+04,1.26763e+02
16,2.94765e+04,2.94615e+04,7.84376e+01
17,2.94765e+04,2.94610e+04,8.62949e+01
18,2.94765e+04,2.94615e+04,6.35545e+01
19,2.94765e+04,2.94616e+04,6.74073e+01
20,2.94765e+04,2.94571e+04,9.41629e+02
21,2.94765e+04,2.94565e+04,9.78081e+02
22,2.94765e+04,2.94562e+04,8.68589e+02
23,2.94765e+04,2.94564e+04,9.05298e+02
24,2.94765e+04,2.94563e+04,7.94680e+02
25,2.94765e+04,2.94563e+04,8.31642e+02
26,2.94765e+04,2.94563e+04,7.20718e+02
27,2.94765e+04,2.94563e+04,7.57712e+02
28,2.94765e+04,2.94563e+04,6.46651e+02
29,2.94765e+04,2.94563e+04,6.83692e+02
30,2.94765e+04,2.94564e+04,5.72436e+02
31,2.94765e+04,2.94563e+04,6.09567e+02
32,2.94765e+04,2.94564e+04,4.98008e+02
33,2.94765e+04,2.94564e+04,5.35257e+02
34,2.94765e+04,2.94565e+04,4.23252e+02
35,2.94765e+04,2.94565e+04,4.60667e+02
36,2.94765e+04,2.94565e+04,3.48282e+02
37,2.94765e+04,2.94565e+04,3.85764e+02
38,2.94765e+04,2.94564e+04,2.74128e+02
39,2.94765e+04,2.94566e+04,3.10977e+02
40,2.94765e+04,2.94561e+04,2.04605e+02
41,2.94765e+04,2.94562e+04,2.38338e+02
42,2.94765e+04,2.94575e+04,1.48252e+02
43,2.94765e+04,2.94564e+04,1.74113e+02
44,2.94765e+04,2.94617e+04,7.23055e+01
45,2.94765e+04,2.94604e+04,9.64318e+01
46,2.94765e+04,2.94604e+04,5.67224e+01
47,2.94765e+04,2.94608e+04,5.82315e+01
48,2.94765e+04,2.94614e+04,6.05120e+01
49,2.94765e+04,2.93466e+04,9.80612e+02
50,2.94765e+04,2.94275e+04,9.87875e+02
51,2.94765e+04,2.93680e+04,1.45282e+01
52,2.94765e+04,2.93665e+04,2.95582e+01
53,2.94765e+04,2.93632e+04,4.98408e+01
54,2.94765e+04,2.93325e+04,2.18994e+02
55,2.94765e+04,2.93494e+04,2.38183e+02
56,2.94765e+04,2.93503e+04,2.10768e+02
57,2.94765e+04,2.93652e+04,8.03885e+01
58,2.94765e+04,2.93556e+04,8.93265e+01
59,2.94765e+04,2.93683e+04,8.40333e+01
60,2.94765e+04,2.93250e+04,1.74887e+02
61,2.94765e+04,2.93303e+04,1.95253e+02
62,2.94765e+04,2.93454e+04,1.88858e+02
63,2.94765e+04,2.93455e+04,4.90960e+02
64,2.94765e+04,2.93453e+04,5.28329e+02
65,2.94765e+04,2.93758e+04,5.11318e+02
66,2.94765e+04,2.93251e+04,1.08450e+02
67,2.94765e+04,2.93153e+04,1.11418e+02
68,2.94765e+04,2.93374e+04,1.14744e+02
69,2.94765e+04,2.91988e+04,1.92271e+01
70,2.94765e+04,2.91466e+04,1.03798e+02
71,2.94765e+04,2.90999e+04,1.75248e+02
72,2.94765e+04,2.91696e+04,1.69388e+01
73,2.95904e+04,2.91791e+04,1.73152e+01
74,2.94765e+04,2.90829e+04,1.59915e+02
75,2.94765e+04,2.91904e+04,5.65319e+01
76,2.94765e+04,2.91103e+04,1.84755e+02
77,2.94765e+04,2.92013e+04,9.93706e+00
78,2.94765e+04,2.93445e+04,7.90187e+02
79,2.94765e+04,2.93444e+04,8.27868e+02
80,2.94765e+04,2.93748e+04,8.10146e+02
81,2.94765e+04,2.93458e+04,9.71489e+01
82,2.94765e+04,2.93352e+04,1.03701e+02
83,2.94765e+04,2.93525e+04,1.00153e+02
84,2.94765e+04,2.90764e+04,1.53596e+02
85,2.94765e+04,2.90843e+04,1.63432e+02
86,2.94765e+04,2.90823e+04,1.39129e+02
87,2.94765e+04,2.90785e+04,1.14895e+02
88,2.94765e+04,2.90871e+04,1.14230e+02
89,2.94765e+04,2.90765e+04,1.20163e+02
90,2.94765e+04,2.93472e+04,4.16416e+02
91,2.94765e+04,2.93463e+04,4.53904e+02
92,2.94765e+04,2.93766e+04,4.36650e+02
93,2.94765e+04,2.93446e+04,7.15072e+02
94,2.94765e+04,2.93445e+04,7.52601e+02
95,2.94765e+04,2.93749e+04,7.35116e+02
96,2.96329e+04,2.92724e+04,1.63673e+01
97,2.94765e+04,2.92846e+04,2.40225e+01
98,2.94765e+04,2.92913e+04,2.67670e+01
99,2.94765e+04,2.93120e+04,2.84480e+01
100,2.94765e+04,2.93208e+04,2.64809e+01
101,2.94765e+04,2.93023e+04,2.70604e+01
102,2.94765e+04,2.93481e+04,3.40812e+02
103,2.94765e+04,2.93479e+04,3.78481e+02
104,2.94765e+04,2.93775e+04,3.61701e+02
105,2.94765e+04,2.92779e+04,3.21785e+01
106,2.97294e+04,2.92581e+04,2.13812e+01
107,2.94765e+04,2.92837e+04,2.52696e+01
108,2.97294e+04,2.92581e+04,1.13252e+01
109,2.97297e+04,2.92554e+04,5.83282e+00
110,2.94765e+04,2.94338e+04,9.23636e+02
111,2.94765e+04,2.93436e+04,9.03683e+02
112,2.94765e+04,2.93441e+04,9.39715e+02
113,2.94765e+04,2.93755e+04,9.22656e+02
114,2.94765e+04,2.93494e+04,2.68919e+02
115,2.94765e+04,2.93491e+04,3.03757e+02
116,2.94765e+04,2.93774e+04,2.88362e+02
117,2.94765e+04,2.94338e+04,8.49628e+02
118,2.94765e+04,2.94338e+04,7.75193e+02
119,2.94765e+04,2.93742e+04,3.77166e+01
120,2.94765e+04,2.93752e+04,4.87070e+01
121,2.94765e+04,2.93756e+04,4.11758e+01
122,2.94765e+04,2.94339e+04,7.00934e+02
123,2.94765e+04,2.94340e+04,6.26660e+02
124,2.94765e+04,2.93448e+04,6.40261e+02
125,2.94765e+04,2.93447e+04,6.77622e+02
126,2.94765e+04,2.93750e+04,6.60354e+02
127,2.94765e+04,2.94342e+04,5.52308e+02
128,2.94765e+04,2.94344e+04,4.77777e+02
129,2.94765e+04,2.94347e+04,4.03009e+02
130,2.94765e+04,2.94348e+04,3.28355e+02
131,2.94765e+04,2.93668e+04,4.19507e+01
132,2.94765e+04,2.93651e+04,4.62707e+01
133,2.94765e+04,2.93614e+04,5.45713e+01
134,2.94765e+04,2.94337e+04,2.55528e+02
135,2.94765e+04,2.94319e+04,1.89267e+02
136,2.94765e+04,2.93202e+04,1.44653e+02
137,2.94765e+04,2.93255e+04,1.60031e+02
138,2.94765e+04,2.93405e+04,1.59203e+02
139,2.94765e+04,2.94391e+04,1.37353e+02
140,2.94765e+04,2.94477e+04,1.02079e+02
141,2.94765e+04,2.94544e+04,7.46136e+01
142,2.94765e+04,2.93677e+04,3.65019e+01
143,2.94765e+04,2.93654e+04,5.03927e+01
144,2.96483e+04,2.92206e+04,8.75933e+00
145,2.96238e+04,2.91801e+04,1.67532e+01
146,2.94765e+04,2.92662e+04,1.61106e+01
147,2.94765e+04,2.93451e+04,5.65622e+02
148,2.94765e+04,2.93449e+04,6.02901e+02
149,2.94765e+04,2.93753e+04,5.85799e+02
150,2.94765e+04,2.93102e+04,1.20877e+02
151,2.94765e+04,2.93148e+04,1.31137e+02
152,2.94765e+04,2.93320e+04,1.35301e+02
153,2.94765e+04,2.93781e+04,5.61874e+01
154,2.94765e+04,2.93775e+04,6.48635e+01
155,2.94765e+04,2.93806e+04,5.98073e+01
156,2.94765e+04,2.93615e+04,5.20084e+01
157,2.94765e+04,2.93394e+04,1.72777e+02
158,2.94765e+04,2.93754e+04,7.55592e+01
159,2.94765e+04,2.90948e+04,1.46392e+02
160,2.94765e+04,2.94366e+04,9.57019e+02
161,2.94765e+04,2.93776e+04,3.80488e+01
162,2.94765e+04,2.93830e+04,5.45845e+01
163,2.94765e+04,2.93780e+04,3.82696e+01
164,2.98046e+04,2.91363e+04,2.75643e+01
165,2.95871e+04,2.90965e+04,1.00102e+02
166,2.94765e+04,2.91555e+04,9.61003e+01
167,2.94765e+04,2.93786e+04,1.78546e+01
168,2.94765e+04,2.93767e+04,2.02235e+01
169,2.94765e+04,2.93752e+04,3.08201e+01
170,2.94765e+04,2.92726e+04,3.12613e+01
171,2.97237e+04,2.91242e+04,5.50093e+00
172,2.94765e+04,2.93371e+04,1.45887e+02
173,2.94765e+04,2.93450e+04,1.07738e+02
174,2.94765e+04,2.93306e+04,1.20882e+02
175,2.94765e+04,2.93092e+04,1.13737e+02
176,2.94765e+04,2.93274e+04,1.26261e+02
177,2.94765e+04,2.93602e+04,9.25010e+01
178,2.94765e+04,2.93764e+04,2.54303e+02
179,2.94765e+04,2.93777e+04,3.24533e+02
180,2.94765e+04,2.93664e+04,2.09133e+01
181,2.98158e+04,2.93019e+04,4.01569e+01
182,2.98618e+04,2.92917e+04,1.61911e+01
183,2.94765e+04,2.93737e+04,5.21059e+01
184,2.94765e+04,2.93736e+04,4.06081e+01
185,2.94765e+04,2.93331e+04,2.53615e+01
186,2.94765e+04,2.93481e+04,2.77336e+01
187,2.94765e+04,2.92911e+04,2.00601e+01
188,2.94765e+04,2.92913e+04,2.32680e+01
189,2.94765e+04,2.93183e+04,2.63153e+01
190,2.94765e+04,2.93689e+04,3.79660e+01
191,2.94765e+04,2.93669e+04,5.00587e+01
192,2.94765e+04,2.93685e+04,5.00593e+01
193,2.96848e+04,2.92791e+04,1.79661e+01
194,2.95731e+04,2.90810e+04,6.36965e+01
195,2.94765e+04,2.90905e+04,1.63858e+02
196,2.94765e+04,2.93276e+04,2.78739e+01
197,2.98407e+04,2.92447e+04,2.58633e+01
198,2.94765e+04,2.93522e+04,5.99515e+01
199,2.94765e+04,2.94338e+04,8.86922e+02
200,2.94765e+04,2.93065e+04,2.85707e+01
201,2.94765e+04,2.91014e+04,1.58724e+02
202,2.94765e+04,2.92780e+04,3.36115e+01
203,2.94765e+04,2.92545e+04,5.79846e+01
204,2.94765e+04,2.92168e+04,1.40709e+01
205,2.94765e+04,2.94338e+04,8.12370e+02
206,2.94765e+04,2.94339e+04,7.38045e+02
207,2.94765e+04,2.94340e+04,6.63809e+02
208,2.98078e+04,2.91969e+04,1.92984e+01
209,2.97711e+04,2.91330e+04,1.58354e+01
210,2.97800e+04,2.91563e+04,3.33466e+01
211,2.94765e+04,2.90823e+04,1.25975e+02
212,2.94765e+04,2.94341e+04,5.89497e+02
213,2.94765e+04,2.94343e+04,5.15070e+02
214,2.94765e+04,2.94345e+04,4.40416e+02
215,2.94765e+04,2.94439e+04,1.17381e+02
216,2.94765e+04,2.94506e+04,9.04462e+01
217,2.94765e+04,2.94526e+04,8.15900e+01
218,2.94765e+04,2.94556e+04,6.90482e+01
219,2.94765e+04,2.94579e+04,6.14203e+01
220,2.94765e+04,2.94571e+04,6.49278e+01
221,2.97690e+04,2.91306e+04,4.49888e+01
222,2.94765e+04,2.91000e+04,1.40013e+02
223,2.98337e+04,2.91324e+04,3.38437e+01
224,2.94765e+04,2.94348e+04,3.65625e+02
225,2.94765e+04,2.94345e+04,2.91517e+02
226,2.94765e+04,2.93770e+04,3.99238e+02
227,2.94765e+04,2.93761e+04,4.73953e+02
228,2.94765e+04,2.93755e+04,5.48522e+02
229,2.94765e+04,2.93752e+04,6.23056e+02
230,2.94765e+04,2.93749e+04,6.97736e+02
231,2.94765e+04,2.93748e+04,7.72593e+02
232,2.94765e+04,2.93748e+04,8.47822e+02
233,2.94765e+04,2.93721e+04,9.55953e+02
234,2.94765e+04,2.93750e+04,8.85592e+02
235,2.94765e+04,2.94321e+04,2.20832e+02
236,2.94765e+04,2.94347e+04,1.60956e+02
237,2.94765e+04,2.93874e+04,9.83269e+02
238,2.94765e+04,2.93736e+04,7.27007e+01
239,2.94765e+04,2.93803e+04,6.73138e+01
240,2.94765e+04,2.92835e+04,2.06446e+01
241,2.94765e+04,2.92917e+04,2.58107e+01
242,2.94765e+04,2.91305e+04,1.81644e+02
243,2.95405e+04,2.91005e+04,5.85473e+01
244,2.97506e+04,2.92198e+04,1.23535e+01
245,2.94765e+04,2.92675e+04,2.97801e+01
246,2.94765e+04,2.90772e+04,1.10892e+02
247,2.94765e+04,2.91941e+04,1.73906e+01
248,2.94765e+04,2.91929e+04,5.41333e+01
249,2.96334e+04,2.92650e+04,4.62701e+01
250,2.95628e+04,2.92504e+04,1.70729e+01
251,2.95183e+04,2.92263e+04,2.59211e+01
252,2.94765e+04,2.93566e+04,5.78979e+01
253,2.95800e+04,2.90791e+04,2.44566e+01
254,2.94765e+04,2.90832e+04,1.37075e+02
255,2.94765e+04,2.90830e+04,1.37157e+02
256,2.94765e+04,2.93443e+04,8.65644e+02
257,2.97987e+04,2.92477e+04,2.32203e+01
258,2.94765e+04,2.93301e+04,2.61883e+01
259,2.94765e+04,2.93418e+04,3.04687e+01
260,2.94765e+04,2.93696e+04,3.56228e+01
261,2.94765e+04,2.93700e+04,5.00678e+01
262,2.94765e+04,2.94064e+04,3.82481e+02
263,2.94765e+04,2.93584e+04,1.57212e+02
264,2.94765e+04,2.94014e+04,2.04650e+02
265,2.94765e+04,2.92936e+04,3.61704e+01
266,2.94765e+04,2.92192e+04,7.08903e+01
267,2.94765e+04,2.91967e+04,1.12969e+02
268,2.94765e+04,2.91595e+04,9.31973e+01
269,2.97839e+04,2.91114e+04,6.73375e+01
270,2.94765e+04,2.91946e+04,8.07951e+01
271,2.94765e+04,2.93784e+04,4.95494e+01
272,2.94765e+04,2.93876e+04,1.25343e+01
273,2.94765e+04,2.93750e+04,2.23786e+02
274,2.94765e+04,2.93595e+04,1.43295e+02
275,2.94765e+04,2.92758e+04,3.36069e+01
276,2.94765e+04,2.93714e+04,3.80730e+01
277,2.94765e+04,2.93713e+04,4.87503e+01
278,2.94765e+04,2.93722e+04,5.14510e+01
279,2.96205e+04,2.92538e+04,4.03157e+01
280,2.94765e+04,2.94038e+04,2.37663e+02
281,2.94765e+04,2.94065e+04,3.45140e+02
282,2.94765e+04,2.93760e+04,3.32679e+01
283,2.94765e+04,2.93768e+04,4.55450e+01
284,2.94765e+04,2.93686e+04,1.98675e+02
285,2.94765e+04,2.93683e+04,3.65670e+01
286,2.94765e+04,2.94047e+04,8.30130e+02
287,2.94765e+04,2.94050e+04,6.43490e+02
288,2.94765e+04,2.94047e+04,7.92638e+02
289,2.94765e+04,2.94053e+04,5.31791e+02
290,2.94765e+04,2.94051e+04,6.06264e+02
291,2.94765e+04,2.94058e+04,4.57199e+02
292,2.94765e+04,2.94050e+04,9.06743e+02
293,2.94765e+04,2.94049e+04,6.80710e+02
294,2.94765e+04,2.94052e+04,5.69036e+02
295,2.94765e+04,2.94048e+04,7.17980e+02
296,2.94765e+04,2.94056e+04,4.94507e+02
297,2.94765e+04,2.93764e+04,5.27344e+01
298,2.94765e+04,2.91683e+04,2.36087e+01
299,2.94765e+04,2.94061e+04,3.08332e+02
300,2.94765e+04,2.93589e+04,1.11206e+02
301,2.94765e+04,2.92146e+04,9.88147e+01
302,2.94765e+04,2.93734e+04,3.09543e+01
303,2.94765e+04,2.93719e+04,2.70792e+01
304,2.95661e+04,2.93697e+04,2.76323e+01
305,2.94765e+04,2.93583e+04,1.76149e+02
306,2.94765e+04,2.94058e+04,9.48455e+02
307,2.94765e+04,2.94054e+04,2.72468e+02
308,2.94765e+04,2.94061e+04,4.19863e+02
309,2.94765e+04,2.91777e+04,1.14078e+02
310,2.98553e+04,2.91650e+04,2.31903e+01
311,2.98465e+04,2.91525e+04,2.82387e+01
312,2.94765e+04,2.93545e+04,1.20061e+02
313,2.94765e+04,2.93727e+04,4.10566e+01
314,2.94765e+04,2.92769e+04,3.43467e+01
315,2.94765e+04,2.93705e+04,3.79009e+01
316,2.94765e+04,2.93635e+04,1.02110e+02
317,2.94765e+04,2.94048e+04,8.67907e+02
318,2.94765e+04,2.94048e+04,7.55269e+02
319,2.94765e+04,2.94060e+04,1.72434e+02
320,2.94765e+04,2.93740e+04,8.51442e+01
321,2.94765e+04,2.93471e+04,1.26706e+02
322,2.94765e+04,2.94505e+04,6.11369e+01
323,2.94765e+04,2.94433e+04,7.56703e+01
324,2.94765e+04,2.93803e+04,5.19470e+01
325,2.94765e+04,2.93766e+04,3.50270e+01
326,2.97825e+04,2.92239e+04,1.73481e+01
327,2.94765e+04,2.94211e+04,1.23750e+02
328,2.94765e+04,2.94353e+04,9.23130e+01
329,2.94765e+04,2.93838e+04,6.13321e+01
330,2.96803e+04,2.92712e+04,1.87017e+01
331,2.94765e+04,2.90957e+04,1.76459e+02
332,2.94765e+04,2.93798e+04,7.63741e+01
333,2.94765e+04,2.93487e+04,1.33230e+02
334,2.94765e+04,2.93684e+04,9.37856e+01
335,2.98608e+04,2.91740e+04,2.01103e+01
336,2.94765e+04,2.91929e+04,5.41536e+01
337,2.94765e+04,2.94395e+04,8.29380e+01
338,2.94765e+04,2.94487e+04,6.49122e+01
339,2.94765e+04,2.94287e+04,1.05934e+02
340,2.94765e+04,2.94463e+04,6.95327e+01
341,2.96867e+04,2.92834e+04,1.01151e+01
342,2.94765e+04,2.94106e+04,1.45723e+02
343,2.94765e+04,2.93841e+04,6.79750e+01
344,2.94765e+04,2.93773e+04,1.68118e+02
345,2.98412e+04,2.91426e+04,2.93533e+01
346,2.94765e+04,2.93266e+04,2.44574e+01
347,2.94765e+04,2.92958e+04,2.39274e+01
348,2.94765e+04,2.91111e+04,1.84488e+02
349,2.94765e+04,2.91965e+04,1.30039e+02
350,2.94765e+04,2.93747e+04,2.90076e+01
351,2.94765e+04,2.93829e+04,1.84559e+02
352,2.94765e+04,2.93839e+04,1.54324e+02
353,2.94765e+04,2.93769e+04,3.26798e+01
354,2.94765e+04,2.93705e+04,1.29041e+02
355,2.94765e+04,2.93168e+04,6.89532e+01
356,2.97982e+04,2.92474e+04,7.17941e+01
357,2.94765e+04,2.93839e+04,8.32690e+01
358,2.94765e+04,2.94308e+04,7.43617e+01
359,2.94765e+04,2.94090e+04,1.07436e+02
360,2.94765e+04,2.93777e+04,1.02468e+02
361,2.94765e+04,2.93670e+04,2.40116e+01
362,2.94765e+04,2.93839e+04,1.39706e+02
363,2.94765e+04,2.93871e+04,7.50443e+01
364,2.94765e+04,2.93798e+04,9.26654e+01
365,2.94765e+04,2.94263e+04,8.12688e+01
366,2.94765e+04,2.94364e+04,6.94801e+01
367,2.94765e+04,2.94202e+04,9.21306e+01
368,2.94765e+04,2.93740e+04,1.14305e+02
369,2.94765e+04,2.93987e+04,1.27313e+02
370,2.94765e+04,2.93882e+04,6.02348e+01
371,2.94765e+04,2.94446e+04,6.04799e+01
372,2.94765e+04,2.93661e+04,2.93138e+01
373,2.94765e+04,2.93891e+04,6.65941e+01
374,2.94765e+04,2.92088e+04,1.06226e+02
375,2.94765e+04,2.90909e+04,1.68038e+02
376,2.94765e+04,2.93662e+04,3.29881e+01
377,2.94765e+04,2.94401e+04,6.41096e+01
378,2.94765e+04,2.93724e+04,3.28399e+01
379,2.94765e+04,2.93744e+04,2.66429e+01
380,2.98616e+04,2.92921e+04,5.92788e+00
381,2.94765e+04,2.93932e+04,7.89748e+01
382,2.94765e+04,2.93795e+04,1.30772e+01
383,2.95963e+04,2.93538e+04,1.10266e+01
384,2.94765e+04,2.93736e+04,2.23358e+01
385,2.94765e+04,2.93716e+04,1.73909e+01
386,2.94765e+04,2.93707e+04,2.12739e+01
387,2.94765e+04,2.93731e+04,1.93767e+01
388,2.94765e+04,2.93689e+04,1.36288e+01
389,2.94765e+04,2.91783e+04,1.10509e+01
390,2.95685e+04,2.93393e+04,2.10169e+01
391,2.97939e+04,2.92422e+04,1.08743e+01
392,2.94765e+04,2.93740e+04,1.95149e+01
393,2.94765e+04,2.93464e+04,2.00980e+01
394,2.95825e+04,2.93056e+04,9.78261e+00
395,2.94765e+04,2.94248e+04,6.63472e+01
396,2.94765e+04,2.93938e+04,1.01028e+02
397,2.98125e+04,2.92874e+04,5.50290e+00
398,2.94765e+04,2.94453e+04,5.71112e+01
399,2.94765e+04,2.93894e+04,1.16078e+02
400,2.94765e+04,2.93963e+04,6.68471e+01
401,2.94765e+04,2.93727e+04,2.27505e+01
402,2.94765e+04,2.93711e+04,1.40688e+01
403,2.96961e+04,2.93498e+04,1.89536e+01
404,2.95718e+04,2.93603e+04,2.87488e+01
405,2.94765e+04,2.92950e+04,1.30280e+01
406,2.94765e+04,2.93478e+04,2.59984e+01
407,2.94765e+04,2.92402e+04,5.96936e+01
408,2.95732e+04,2.93629e+04,2.85791e+01
409,2.95760e+04,2.93517e+04,2.53628e+01
410,2.94765e+04,2.93708e+04,2.82008e+01
411,2.94765e+04,2.93923e+04,8.96743e+01
412,2.94765e+04,2.94194e+04,6.83984e+01
413,2.95784e+04,2.93557e+04,2.57339e+01
414,2.94765e+04,2.93712e+04,2.82139e+01
415,2.94765e+04,2.93926e+04,5.67700e+01
416,2.94765e+04,2.93689e+04,1.91837e+01
417,2.94765e+04,2.93837e+04,5.26814e+01
418,2.94765e+04,2.93715e+04,1.06944e+01
419,2.94765e+04,2.93943e+04,6.27351e+01
420,2.94765e+04,2.94319e+04,6.42722e+01
421,2.94765e+04,2.94156e+04,7.60618e+01
422,2.94765e+04,2.94323e+04,5.35908e+01
423,2.94765e+04,2.94296e+04,5.45239e+01
424,2.94765e+04,2.94303e+04,5.97499e+01
425,2.96925e+04,2.93560e+04,1.88327e+01
426,2.94765e+04,2.93728e+04,2.56912e+01
427,2.94765e+04,2.94268e+04,5.43194e+01
428,2.94765e+04,2.94237e+04,5.78315e+01
429,2.94765e+04,2.94350e+04,5.88499e+01
430,2.94765e+04,2.94397e+04,5.88476e+01
431,2.94765e+04,2.94370e+04,5.37243e+01
432,2.94765e+04,2.94341e+04,5.20429e+01
433,2.94765e+04,2.94410e+04,5.56745e+01
434,2.94765e+04,2.94078e+04,8.88446e+01
435,2.94765e+04,2.93888e+04,5.56373e+01
436,2.94765e+04,2.93852e+04,5.09138e+01
437,2.94765e+04,2.93817e+04,4.74032e+01
438,2.94765e+04,2.94038e+04,7.83228e+01
439,2.94765e+04,2.94026e+04,5.79999e+01
440,2.94765e+04,2.93859e+04,4.19370e+01
441,2.94765e+04,2.93871e+04,4.57838e+01
442,2.94765e+04,2.93904e+04,4.19456e+01
443,2.94765e+04,2.93952e+04,2.39172e+01
444,2.94765e+04,2.93902e+04,2.63745e+01
445,2.94765e+04,2.93939e+04,2.75260e+01
446,2.94765e+04,2.94198e+04,2.79172e+01
447,2.94765e+04,2.94457e+04,4.12548e+01
448,2.94765e+04,2.94512e+04,5.11195e+01
449,2.94765e+04,2.94496e+04,2.86627e+01
450,2.94765e+04,2.94600e+04,5.36318e+01
451,2.94765e+04,2.93951e+04,5.20580e+01
452,2.94765e+04,2.94217e+04,5.96821e+01
453,2.94765e+04,2.94117e+04,5.63696e+01
454,2.94765e+04,2.93828e+04,3.56351e+01
455,2.94765e+04,2.93860e+04,3.77462e+01
456,2.94765e+04,2.94013e+04,7.18184e+01
457,2.94765e+04,2.94154e+04,4.56101e+01
458,2.94765e+04,2.94207e+04,2.52489e+01
459,2.94765e+04,2.93917e+04,4.66289e+01
460,2.94765e+04,2.94143e+04,5.37579e+01
461,2.94765e+04,2.93987e+04,5.26479e+01
462,2.94765e+04,2.93856e+04,3.14609e+01
463,2.94765e+04,2.94249e+04,5.30745e+01
464,2.94765e+04,2.94178e+04,5.14538e+01
465,2.94765e+04,2.93884e+04,5.00398e+01
466,2.94765e+04,2.93913e+04,5.11456e+01
467,2.94765e+04,2.94212e+04,5.21178e+01
468,2.94765e+04,2.94117e+04,4.27565e+01
469,2.94765e+04,2.94091e+04,6.49848e+01
470,2.94765e+04,2.94005e+04,4.67512e+01
471,2.94765e+04,2.94117e+04,3.67112e+01
472,2.94765e+04,2.94073e+04,3.34624e+01
473,2.94765e+04,2.93953e+04,4.56557e+01
474,2.94765e+04,2.94033e+04,3.52009e+01
475,2.94765e+04,2.93890e+04,3.40895e+01
476,2.94765e+04,2.94023e+04,1.62470e+01
477,2.94765e+04,2.93924e+04,4.00766e+01
478,2.94765e+04,2.94094e+04,2.78524e+01
479,2.94765e+04,2.94323e+04,2.97051e+01
480,2.94765e+04,2.94056e+04,5.26539e+01
481,2.94765e+04,2.94092e+04,2.28722e+01
482,2.94765e+04,2.93968e+04,3.53084e+01
483,2.94765e+04,2.93992e+04,2.96593e+01
484,2.94765e+04,2.92176e+04,9.79123e+02
485,2.94765e+04,2.93130e+04,9.87051e+02
486,2.94765e+04,2.94348e+04,4.45582e+01
487,2.94765e+04,2.94370e+04,4.44418e+01
488,2.94765e+04,2.94349e+04,4.13790e+01
489,2.94765e+04,2.93263e+04,2.49417e+02
490,2.94765e+04,2.92273e+04,2.41570e+02
491,2.94765e+04,2.92079e+04,2.61557e+02
492,2.94765e+04,2.92304e+04,2.66077e+02
493,2.94765e+04,2.92242e+04,2.16379e+02
494,2.94765e+04,2.92183e+04,2.32896e+02
495,2.94765e+04,2.92376e+04,2.19578e+02
496,2.94765e+04,2.93733e+04,6.76495e+01
497,2.94765e+04,2.93070e+04,1.42958e+02
498,2.94765e+04,2.91717e+04,1.59657e+02
499,2.94765e+04,2.92011e+04,1.51542e+02
500,2.94765e+04,2.91974e+04,1.52999e+02
501,2.94765e+04,2.93184e+04,9.57516e+02
502,2.94765e+04,2.93981e+04,1.15582e+01
503,2.94765e+04,2.91851e+04,9.20614e+02
504,2.94765e+04,2.91856e+04,9.55033e+02
505,2.94765e+04,2.92162e+04,9.39354e+02
506,2.94765e+04,2.91978e+04,1.10137e+02
507,2.94765e+04,2.91762e+04,1.44721e+02
508,2.94765e+04,2.91792e+04,1.42471e+02
509,2.94765e+04,2.93137e+04,5.12000e+02
510,2.94765e+04,2.91877e+04,4.57202e+02
511,2.94765e+04,2.91868e+04,4.93489e+02
512,2.94765e+04,2.92170e+04,4.72391e+02
513,2.94765e+04,2.93834e+04,4.34913e+01
514,2.94765e+04,2.93861e+04,4.88498e+01
515,2.94765e+04,2.93061e+04,1.01906e+02
516,2.94765e+04,2.91865e+04,5.29397e+02
517,2.94765e+04,2.91862e+04,5.65647e+02
518,2.94765e+04,2.92179e+04,5.43535e+02
519,2.94765e+04,2.93801e+04,4.03476e+01
520,2.94765e+04,2.91860e+04,6.01806e+02
521,2.94765e+04,2.91858e+04,6.37988e+02
522,2.94765e+04,2.92176e+04,6.16348e+02
523,2.94765e+04,2.93316e+04,9.89459e+01
524,2.94765e+04,2.91856e+04,6.74006e+02
525,2.94765e+04,2.91856e+04,7.09872e+02
526,2.94765e+04,2.92173e+04,6.88915e+02
527,2.94765e+04,2.93132e+04,7.72969e+02
528,2.94765e+04,2.93162e+04,4.37467e+02
529,2.94765e+04,2.91855e+04,7.45531e+02
530,2.94765e+04,2.91854e+04,7.80917e+02
531,2.94765e+04,2.92172e+04,7.60886e+02
532,2.94765e+04,2.91854e+04,8.16125e+02
533,2.94765e+04,2.91853e+04,8.51070e+02
534,2.94765e+04,2.92170e+04,8.32068e+02
535,2.94765e+04,2.93172e+04,3.61217e+02
536,2.94765e+04,2.93550e+04,8.45930e+01
537,2.94765e+04,2.92148e+04,1.43665e+02
538,2.94765e+04,2.92207e+04,1.61940e+02
539,2.94765e+04,2.92251e+04,1.51005e+02
540,2.94765e+04,2.93227e+04,2.85567e+02
541,2.94765e+04,2.94286e+04,3.48171e+01
542,2.94765e+04,2.94282e+04,3.34548e+01
543,2.94765e+04,2.94287e+04,4.63800e+01
544,2.94765e+04,2.92247e+04,1.75873e+02
545,2.94765e+04,2.92276e+04,1.87912e+02
546,2.94765e+04,2.92376e+04,1.75423e+02
547,2.94765e+04,2.93133e+04,6.98658e+02
548,2.94765e+04,2.91968e+04,1.06581e+02
549,2.94765e+04,2.92114e+04,5.37555e+01
550,2.94765e+04,2.92111e+04,7.73464e+01
551,2.94765e+04,2.91923e+04,8.07999e+01
552,2.94765e+04,2.90807e+04,1.27174e+02
553,2.95877e+04,2.90976e+04,1.10733e+02
554,2.95132e+04,2.92048e+04,1.93799e+01
555,2.97744e+04,2.91891e+04,1.28535e+02
556,2.97798e+04,2.92003e+04,1.26387e+02
557,2.94765e+04,2.92056e+04,1.04462e+02
558,2.94765e+04,2.92067e+04,1.05774e+02
559,2.94765e+04,2.92102e+04,1.11721e+02
560,2.94765e+04,2.92083e+04,1.01602e+01
561,2.94765e+04,2.92538e+04,2.60725e+01
562,2.94765e+04,2.90884e+04,1.30830e+02
563,2.94765e+04,2.93148e+04,1.77370e+02
564,2.94765e+04,2.91280e+04,1.73859e+02
565,2.97678e+04,2.91412e+04,4.00315e+01
566,2.96711e+04,2.90979e+04,1.18388e+01
567,2.94765e+04,2.93135e+04,6.24372e+02
568,2.94765e+04,2.93123e+04,8.85708e+02
569,2.94765e+04,2.92830e+04,4.06949e+01
570,2.94765e+04,2.92074e+04,3.02383e+01
571,2.94765e+04,2.91628e+04,7.57688e+01
572,2.94765e+04,2.93360e+04,1.20446e+01
573,2.97843e+04,2.93827e+04,3.46361e+01
574,2.94765e+04,2.92963e+04,1.14500e+02
575,2.94765e+04,2.92028e+04,2.87824e+02
576,2.94765e+04,2.91974e+04,3.18047e+02
577,2.94765e+04,2.92281e+04,2.96548e+02
578,2.94765e+04,2.94301e+04,4.62051e+01
579,2.94765e+04,2.94272e+04,4.49567e+01
580,2.94765e+04,2.91939e+04,3.51631e+02
581,2.94765e+04,2.91915e+04,3.86626e+02
582,2.94765e+04,2.92234e+04,3.64720e+02
583,2.95876e+04,2.90974e+04,8.61950e+01
584,2.94765e+04,2.91865e+04,9.86987e+02
585,2.94765e+04,2.94458e+04,5.10871e+01
586,2.94765e+04,2.94417e+04,4.86430e+01
587,2.94765e+04,2.94445e+04,5.15645e+01
588,2.94765e+04,2.93668e+04,7.50433e+01
589,2.94765e+04,2.93107e+04,1.57842e+02
590,2.94765e+04,2.92524e+04,9.85033e+02
591,2.94765e+04,2.91774e+04,1.62011e+02
592,2.94765e+04,2.93763e+04,6.09634e+01
593,2.94765e+04,2.92078e+04,1.62401e+01
594,2.97694e+04,2.91303e+04,4.93907e+01
595,2.94765e+04,2.91811e+04,7.70265e+01
596,2.94765e+04,2.91653e+04,7.71096e+01
597,2.94765e+04,2.91852e+04,8.85857e+02
598,2.94765e+04,2.92160e+04,9.02584e+02
599,2.94765e+04,2.92171e+04,7.96576e+02
600,2.94765e+04,2.92166e+04,8.67280e+02
601,2.94765e+04,2.92172e+04,7.24973e+02
602,2.94765e+04,2.90866e+04,1.29482e+02
603,2.96036e+04,2.91116e+04,6.89596e+01
604,2.94765e+04,2.91958e+04,8.09952e+01
605,2.94765e+04,2.94505e+04,5.77577e+01
606,2.94765e+04,2.90735e+04,1.22902e+02
607,2.94765e+04,2.90815e+04,1.30319e+02
608,2.94765e+04,2.93886e+04,2.16170e+01
609,2.94765e+04,2.93788e+04,3.10833e+01
610,2.94765e+04,2.93903e+04,2.12656e+01
611,2.94765e+04,2.90726e+04,1.23228e+02
612,2.94765e+04,2.90716e+04,1.23550e+02
613,2.94765e+04,2.90778e+04,1.29204e+02
614,2.95518e+04,2.93950e+04,2.34737e+01
615,2.94765e+04,2.93828e+04,2.29249e+01
616,2.94765e+04,2.93781e+04,3.22830e+01
617,2.94765e+04,2.94371e+04,4.97615e+01
618,2.94765e+04,2.94342e+04,4.76939e+01
619,2.94765e+04,2.93818e+04,2.59885e+01
620,2.94765e+04,2.91965e+04,1.12162e+02
621,2.94765e+04,2.92174e+04,6.52691e+02
622,2.94765e+04,2.94258e+04,4.76268e+01
623,2.94765e+04,2.94238e+04,4.89528e+01
624,2.94765e+04,2.94196e+04,4.88888e+01
625,2.94765e+04,2.94145e+04,4.17284e+01
626,2.94765e+04,2.92177e+04,5.79915e+02
627,2.94765e+04,2.92179e+04,5.07501e+02
628,2.94765e+04,2.92198e+04,4.35456e+02
629,2.94765e+04,2.93130e+04,4.73783e+02
630,2.94765e+04,2.93184e+04,3.98703e+02
631,2.94765e+04,2.93137e+04,5.49735e+02
632,2.94765e+04,2.93134e+04,6.61498e+02
633,2.94765e+04,2.93136e+04,5.87137e+02
634,2.94765e+04,2.92258e+04,3.28926e+02
635,2.94765e+04,2.91894e+04,4.21627e+02
636,2.94765e+04,2.92237e+04,4.00631e+02
637,2.94765e+04,2.93132e+04,7.35791e+02
638,2.94765e+04,2.93442e+04,9.32903e+01
639,2.94765e+04,2.93185e+04,3.23056e+02
640,2.94765e+04,2.93131e+04,8.10174e+02
641,2.94765e+04,2.93097e+04,9.24606e+02
642,2.94765e+04,2.92152e+04,1.31827e+02
643,2.94765e+04,2.92146e+04,1.02897e+02
644,2.94765e+04,2.92281e+04,2.01224e+02
645,2.94765e+04,2.92421e+04,2.01916e+02
646,2.94765e+04,2.92318e+04,1.63807e+02
647,2.94765e+04,2.93184e+04,1.02140e+02
648,2.94765e+04,2.93022e+04,1.28518e+02
649,2.94765e+04,2.92937e+04,1.04192e+02
650,2.94765e+04,2.93176e+04,1.99739e+02
651,2.94765e+04,2.92939e+04,9.70814e+01
652,2.94765e+04,2.91269e+04,1.83985e+02
653,2.94765e+04,2.93841e+04,4.67433e+01
654,2.94765e+04,2.93819e+04,3.70487e+01
655,2.94765e+04,2.93811e+04,3.87106e+01
656,2.94765e+04,2.94185e+04,2.22060e+01
657,2.94765e+04,2.93807e+04,3.61174e+01
658,2.94765e+04,2.93909e+04,2.47824e+01
659,2.94765e+04,2.93803e+04,3.82559e+01
660,2.94765e+04,2.93851e+04,2.28775e+01
661,2.94765e+04,2.94234e+04,4.50479e+01
662,2.94765e+04,2.94413e+04,5.02708e+01
663,2.94765e+04,2.94378e+04,4.70229e+01
664,2.94765e+04,2.94409e+04,5.24973e+01
665,2.94765e+04,2.94271e+04,3.32943e+01
666,2.94765e+04,2.93788e+04,3.39598e+01
667,2.94765e+04,2.93792e+04,1.86851e+01
668,2.94765e+04,2.93806e+04,1.82690e+01
669,2.94765e+04,2.94065e+04,1.84979e+01
670,2.94765e+04,2.94529e+04,3.92215e+01
671,2.94765e+04,2.94313e+04,2.81819e+01
672,2.94765e+04,2.94139e+04,3.78337e+01
673,2.94765e+04,2.90856e+04,1.87983e+02
674,2.94765e+04,2.92830e+04,9.90370e+02
675,2.94765e+04,2.93129e+04,8.47516e+02
676,2.94765e+04,2.92421e+04,1.86436e+02
677,2.94765e+04,2.91756e+04,1.54845e+02
678,2.94765e+04,2.91607e+04,1.27823e+02
679,2.94765e+04,2.91438e+04,1.12135e+02
680,2.94765e+04,2.91087e+04,1.85887e+02
681,2.94765e+04,2.90703e+04,1.19240e+02
682,2.94765e+04,2.90719e+04,1.26611e+02
683,2.94765e+04,2.93695e+04,6.78298e+01
684,2.94765e+04,2.90697e+04,1.19081e+02
685,2.94765e+04,2.90687e+04,1.26888e+02
686,2.94765e+04,2.90692e+04,1.23059e+02
687,2.94765e+04,2.94316e+04,4.53337e+01
688,2.94765e+04,2.92476e+04,9.53990e+02
689,2.98079e+04,2.91966e+04,6.54127e+01
690,2.94765e+04,2.93159e+04,2.22235e+02
691,2.94765e+04,2.92852e+04,9.61316e+02
692,2.94765e+04,2.94495e+04,4.69630e+01
693,2.94765e+04,2.93615e+04,7.57064e+01
694,2.94765e+04,2.92479e+04,2.24257e+02
695,2.94765e+04,2.93027e+04,9.52556e+01
696,2.94765e+04,2.91803e+04,1.44048e+02
697,2.94765e+04,2.92434e+04,1.63911e+02
698,2.94765e+04,2.92281e+04,1.42813e+02
699,2.94765e+04,2.94443e+04,4.08636e+01
700,2.94765e+04,2.94453e+04,4.22674e+01
701,2.94765e+04,2.94314e+04,3.42070e+01
702,2.98055e+04,2.94282e+04,2.84308e+01
703,2.94765e+04,2.92579e+04,3.06135e+02
704,2.94765e+04,2.93022e+04,2.67854e+02
705,2.94765e+04,2.92815e+04,6.46020e+02
706,2.94765e+04,2.92815e+04,4.95555e+02
707,2.94765e+04,2.92897e+04,4.19498e+02
708,2.94765e+04,2.94580e+04,5.87808e+01
709,2.94765e+04,2.92494e+04,6.67536e+02
710,2.94765e+04,2.92497e+04,5.94199e+02
711,2.94765e+04,2.92499e+04,5.20496e+02
712,2.94765e+04,2.92491e+04,8.12726e+02
713,2.94765e+04,2.92493e+04,7.40393e+02
714,2.94765e+04,2.92273e+04,1.32558e+01
715,2.94765e+04,2.92068e+04,3.22299e+01
716,2.94765e+04,2.92168e+04,3.29991e+01
717,2.94765e+04,2.92858e+04,3.44443e+02
718,2.94765e+04,2.93312e+04,9.45966e+01
719,2.94765e+04,2.94300e+04,3.60267e+01
720,2.94765e+04,2.94446e+04,5.40360e+01
721,2.94765e+04,2.92434e+04,2.42258e+02
722,2.94765e+04,2.93741e+04,6.00058e+01
723,2.94765e+04,2.92459e+04,9.18344e+02
724,2.94765e+04,2.93812e+04,2.18155e+01
725,2.94765e+04,2.93810e+04,2.02414e+01
726,2.94765e+04,2.94217e+04,4.67344e+01
727,2.98205e+04,2.93995e+04,2.24175e+01
728,2.94765e+04,2.94211e+04,1.86006e+01
729,2.94765e+04,2.92111e+04,7.56753e+01
730,2.95423e+04,2.94593e+04,2.15082e+01
731,2.94765e+04,2.92492e+04,7.76635e+02
732,2.94765e+04,2.92494e+04,7.04040e+02
733,2.94765e+04,2.92488e+04,8.48481e+02
734,2.94765e+04,2.92496e+04,6.30967e+02
735,2.94765e+04,2.92498e+04,5.57400e+02
736,2.94765e+04,2.92496e+04,4.84449e+02
737,2.94765e+04,2.92816e+04,6.09050e+02
738,2.94765e+04,2.92796e+04,4.55077e+02
739,2.94765e+04,2.92818e+04,5.34336e+02
740,2.94765e+04,2.92814e+04,6.82869e+02
741,2.94765e+04,2.92865e+04,3.84862e+02
742,2.94765e+04,2.92522e+04,2.76340e+02
743,2.94765e+04,2.91806e+04,1.53831e+02
744,2.94765e+04,2.92366e+04,1.53211e+02
745,2.94765e+04,2.92195e+04,1.27608e+02
746,2.94765e+04,2.92503e+04,1.72507e+02
747,2.94765e+04,2.92923e+04,8.80664e+01
748,2.94765e+04,2.93192e+04,9.59963e+01
749,2.94765e+04,2.92910e+04,3.04631e+02
750,2.94765e+04,2.92542e+04,3.40169e+02
751,2.94765e+04,2.93425e+04,8.91801e+01
752,2.94765e+04,2.91875e+04,1.36107e+02
753,2.94765e+04,2.92796e+04,9.00996e+02
754,2.94765e+04,2.92916e+04,1.26114e+02
755,2.94765e+04,2.94070e+04,1.81380e+01
756,2.97769e+04,2.91635e+04,3.38785e+01
757,2.94765e+04,2.93066e+04,1.80773e+02
758,2.94765e+04,2.92840e+04,9.98492e+01
759,2.94765e+04,2.92566e+04,4.16614e+02
760,2.94765e+04,2.92813e+04,7.56391e+02
761,2.94765e+04,2.92817e+04,5.71925e+02
762,2.94765e+04,2.90797e+04,1.31720e+02
763,2.94765e+04,2.94000e+04,1.76157e+01
764,2.94765e+04,2.94233e+04,4.28846e+01
765,2.94765e+04,2.94170e+04,4.33939e+01
766,2.96144e+04,2.93787e+04,2.30304e+01
767,2.94765e+04,2.94064e+04,1.72558e+01
768,2.94765e+04,2.92750e+04,9.32688e+02
769,2.94765e+04,2.93064e+04,2.41283e+02
770,2.94765e+04,2.93518e+04,8.25221e+01
771,2.94765e+04,2.92946e+04,1.39950e+02
772,2.94765e+04,2.92480e+04,8.83792e+02
773,2.94765e+04,2.93057e+04,2.01067e+02
774,2.94765e+04,2.92462e+04,4.51570e+02
775,2.94765e+04,2.92806e+04,8.65899e+02
776,2.94765e+04,2.92812e+04,7.93057e+02
777,2.94765e+04,2.92813e+04,7.19646e+02
778,2.94765e+04,2.92555e+04,3.76678e+02
779,2.94765e+04,2.92848e+04,8.98663e+01
780,2.94765e+04,2.92866e+04,1.11939e+02
781,2.94765e+04,2.92530e+04,2.07075e+02
782,2.94765e+04,2.92778e+04,2.77053e+02
783,2.94765e+04,2.90730e+04,1.29938e+02
784,2.94765e+04,2.91881e+04,9.85857e+01
785,2.94765e+04,2.93095e+04,9.51321e+01
786,2.94765e+04,2.92550e+04,2.50934e+02
787,2.94765e+04,2.94395e+04,4.65152e+01
788,2.94765e+04,2.91890e+04,1.37758e+02
789,2.94765e+04,2.92810e+04,8.29642e+02
790,2.94765e+04,2.93019e+04,1.59301e+02
791,2.94765e+04,2.92521e+04,1.87623e+02
792,2.94765e+04,2.92176e+04,1.12171e+02
793,2.94765e+04,2.93660e+04,6.76046e+01
794,2.94765e+04,2.92297e+04,1.34386e+02
795,2.94765e+04,2.92308e+04,5.14666e+01
796,2.94765e+04,2.92929e+04,8.33663e+01
797,2.94765e+04,2.92576e+04,1.93464e+02
798,2.94765e+04,2.92571e+04,1.76980e+02
799,2.94765e+04,2.92993e+04,2.21542e+02
800,2.94765e+04,2.92868e+04,8.04840e+01
801,2.94765e+04,2.91885e+04,1.55600e+02
802,2.94765e+04,2.93710e+04,6.04857e+01
803,2.94765e+04,2.92883e+04,2.45185e+02
804,2.94765e+04,2.93581e+04,7.45591e+01
805,2.94765e+04,2.94322e+04,4.15861e+01
806,2.94765e+04,2.91919e+04,1.37383e+02
807,2.94765e+04,2.92368e+04,1.43237e+02
808,2.94765e+04,2.93194e+04,9.23736e+01
809,2.94765e+04,2.94276e+04,3.12567e+01
810,2.94765e+04,2.94248e+04,4.10783e+01
811,2.94765e+04,2.92909e+04,7.04503e+01
812,2.94765e+04,2.92551e+04,1.61569e+02
813,2.94765e+04,2.93876e+04,1.65675e+01
814,2.94765e+04,2.90746e+04,1.23473e+02
815,2.94765e+04,2.92704e+04,2.55989e+02
816,2.94765e+04,2.93012e+04,8.95435e+01
817,2.94765e+04,2.90683e+04,1.23581e+02
818,2.94765e+04,2.93099e+04,9.13299e+01
819,2.97823e+04,2.92250e+04,7.82218e+01
820,2.94765e+04,2.94145e+04,3.18888e+01
821,2.94765e+04,2.91621e+04,9.33517e+01
822,2.94765e+04,2.94262e+04,3.72171e+01
823,2.94765e+04,2.92484e+04,1.54882e+02
824,2.94765e+04,2.93306e+04,9.13182e+01
825,2.94765e+04,2.92233e+04,1.19900e+02
826,2.94765e+04,2.92614e+04,2.28019e+02
827,2.94765e+04,2.92980e+04,1.81894e+02
828,2.98036e+04,2.92152e+04,4.27479e+01
829,2.94765e+04,2.92817e+04,1.23496e+02
830,2.94765e+04,2.92790e+04,8.69809e+01
831,2.94765e+04,2.92952e+04,2.00549e+02
832,2.94765e+04,2.92614e+04,1.65143e+02
833,2.94765e+04,2.91967e+04,1.10441e+02
834,2.94765e+04,2.92641e+04,2.10178e+02
835,2.94765e+04,2.92789e+04,1.12305e+02
836,2.94765e+04,2.92836e+04,7.60917e+01
837,2.94765e+04,2.93408e+04,8.61060e+01
838,2.94765e+04,2.92645e+04,1.78841e+02
839,2.94765e+04,2.92961e+04,1.62651e+02
840,2.94765e+04,2.92804e+04,1.28992e+02
841,2.94765e+04,2.93630e+04,6.69384e+01
842,2.98012e+04,2.93683e+04,2.96311e+01
843,2.94765e+04,2.94004e+04,1.77198e+01
844,2.94765e+04,2.94460e+04,4.25399e+01
845,2.94765e+04,2.94450e+04,4.00774e+01
846,2.94765e+04,2.94477e+04,2.99442e+01
847,2.94765e+04,2.92375e+04,1.33546e+02
848,2.94765e+04,2.94539e+04,3.91354e+01
849,2.94765e+04,2.94549e+04,4.79687e+01
850,2.94765e+04,2.94241e+04,3.67652e+01
851,2.94765e+04,2.94410e+04,3.40729e+01
852,2.94765e+04,2.94448e+04,3.41147e+01
853,2.94765e+04,2.90680e+04,1.29523e+02
854,2.94765e+04,2.92888e+04,1.42773e+02
855,2.94765e+04,2.92446e+04,1.48758e+02
856,2.94765e+04,2.93687e+04,5.91956e+01
857,2.94765e+04,2.93391e+04,1.75640e+01
858,2.94765e+04,2.93387e+04,1.47320e+01
859,2.94765e+04,2.94302e+04,3.24584e+01
860,2.94765e+04,2.92665e+04,1.94599e+02
861,2.94765e+04,2.92234e+04,8.90338e+01
862,2.94765e+04,2.92291e+04,1.23135e+02
863,2.94765e+04,2.92768e+04,9.97931e+01
864,2.94765e+04,2.93497e+04,8.02576e+01
865,2.94765e+04,2.94452e+04,4.39408e+01
866,2.94765e+04,2.92943e+04,6.70872e+01
867,2.94765e+04,2.92601e+04,4.57364e+01
868,2.94765e+04,2.94346e+04,4.00701e+01
869,2.94765e+04,2.94314e+04,3.74293e+01
870,2.94765e+04,2.94275e+04,2.99115e+01
871,2.96033e+04,2.93939e+04,1.78850e+01
872,2.98202e+04,2.93988e+04,1.49581e+01
873,2.94765e+04,2.92828e+04,1.43224e+02
874,2.94765e+04,2.92936e+04,7.92847e+01
875,2.94765e+04,2.92906e+04,6.55523e+01
876,2.94765e+04,2.92668e+04,1.66645e+02
877,2.94765e+04,2.92221e+04,7.02348e+01
878,2.94765e+04,2.92866e+04,2.20176e+02
879,2.94765e+04,2.92374e+04,3.84472e+01
880,2.94765e+04,2.92737e+04,2.33628e+02
881,2.94765e+04,2.92570e+04,1.50934e+02
882,2.94765e+04,2.93129e+04,8.92492e+01
883,2.94765e+04,2.92032e+04,2.21313e+01
884,2.94765e+04,2.94333e+04,3.68424e+01
885,2.94765e+04,2.94121e+04,1.06321e+01
886,2.94765e+04,2.92633e+04,1.54398e+02
887,2.94765e+04,2.93214e+04,9.03596e+01
888,2.94765e+04,2.92687e+04,1.81878e+02
889,2.94765e+04,2.94219e+04,4.43481e+01
890,2.94765e+04,2.92509e+04,1.45921e+02
891,2.94765e+04,2.92468e+04,1.42337e+02
892,2.94765e+04,2.93553e+04,7.33510e+01
893,2.94765e+04,2.92466e+04,7.26409e+01
894,2.94765e+04,2.93007e+04,8.54756e+01
895,2.94765e+04,2.92238e+04,9.64961e+01
896,2.94765e+04,2.92912e+04,1.80176e+02
897,2.94765e+04,2.92704e+04,1.17381e+02
898,2.94765e+04,2.92948e+04,3.11848e+01
899,2.94765e+04,2.92581e+04,4.60437e+01
900,2.94765e+04,2.93584e+04,6.02452e+01
901,2.94765e+04,2.93502e+04,3.37207e+01
902,2.94765e+04,2.92742e+04,8.70059e+01
903,2.94765e+04,2.92596e+04,3.59006e+01
904,2.94765e+04,2.93025e+04,5.68154e+01
905,2.94765e+04,2.92898e+04,1.60610e+02
906,2.94765e+04,2.92576e+04,4.06929e+01
907,2.94765e+04,2.91959e+04,1.41912e+02
908,2.94765e+04,2.93304e+04,8.84053e+01
909,2.94765e+04,2.93615e+04,5.90331e+01
910,2.94765e+04,2.92721e+04,1.12646e+02
911,2.94765e+04,2.93012e+04,3.07286e+01
912,2.94765e+04,2.93353e+04,3.10924e+01
913,2.94765e+04,2.92866e+04,1.98958e+02
914,2.94765e+04,2.93549e+04,6.18387e+01
915,2.96294e+04,2.93798e+04,2.03597e+01
916,2.94765e+04,2.92809e+04,7.33153e+01
917,2.94765e+04,2.92756e+04,2.11944e+02
918,2.94765e+04,2.92764e+04,1.31294e+02
919,2.97056e+04,2.92445e+04,6.62322e+01
920,2.94765e+04,2.91877e+04,1.49010e+02
921,2.94765e+04,2.92350e+04,1.25174e+02
922,2.94765e+04,2.92676e+04,1.20821e+02
923,2.94765e+04,2.92726e+04,1.64349e+02
924,2.94765e+04,2.91869e+04,1.49952e+02
925,2.94765e+04,2.93528e+04,6.23195e+01
926,2.94765e+04,2.92679e+04,1.53529e+02
927,2.94765e+04,2.92424e+04,6.04658e+01
928,2.94765e+04,2.93396e+04,8.36711e+01
929,2.94765e+04,2.92744e+04,1.93160e+02
930,2.94765e+04,2.93064e+04,8.66560e+01
931,2.94765e+04,2.92438e+04,1.31871e+02
932,2.94765e+04,2.92429e+04,7.58889e+01
933,2.94765e+04,2.92701e+04,1.04119e+02
934,2.94765e+04,2.91925e+04,1.48347e+02
935,2.94765e+04,2.93233e+04,2.98721e+01
936,2.94765e+04,2.92260e+04,1.84586e+01
937,2.94765e+04,2.93138e+04,3.02233e+01
938,2.94765e+04,2.92620e+04,1.41456e+02
939,2.94765e+04,2.93598e+04,6.66991e+01
940,2.94765e+04,2.92693e+04,9.49396e+01
941,2.94765e+04,2.92573e+04,1.38731e+02
942,2.94765e+04,2.93662e+04,5.93879e+01
943,2.94765e+04,2.93403e+04,7.05668e+01
944,2.94765e+04,2.92750e+04,1.76542e+02
945,2.94765e+04,2.93637e+04,5.92210e+01
946,2.94765e+04,2.92253e+04,1.05765e+02
947,2.94765e+04,2.93068e+04,5.59472e+01
948,2.94765e+04,2.92088e+04,1.02858e+02
949,2.94765e+04,2.93478e+04,7.82678e+01
950,2.94765e+04,2.92856e+04,1.79176e+02
951,2.94765e+04,2.93542e+04,6.66641e+01
952,2.94765e+04,2.92945e+04,7.31060e+01
953,2.94765e+04,2.93185e+04,3.27486e+01
954,2.94765e+04,2.92508e+04,4.17605e+01
955,2.94765e+04,2.92842e+04,1.58980e+02
956,2.94765e+04,2.92503e+04,1.35770e+02
957,2.94765e+04,2.93506e+04,6.74393e+01
958,2.94765e+04,2.92993e+04,7.99065e+01
959,2.94765e+04,2.92703e+04,1.50257e+02
960,2.94765e+04,2.92631e+04,5.52596e+01
961,2.94765e+04,2.92963e+04,5.84827e+01
962,2.94765e+04,2.92385e+04,8.02482e+01
963,2.94765e+04,2.92751e+04,7.77623e+01
964,2.94765e+04,2.92601e+04,1.10897e+02
965,2.94765e+04,2.93085e+04,8.48576e+01
966,2.94765e+04,2.92151e+04,9.95693e+01
967,2.94765e+04,2.93223e+04,8.77194e+01
968,2.97291e+04,2.92576e+04,4.37565e+01
969,2.94765e+04,2.92631e+04,1.06232e+02
970,2.94765e+04,2.92690e+04,8.76210e+01
971,2.94765e+04,2.92811e+04,1.91642e+02
972,2.94765e+04,2.93141e+04,8.70573e+01
973,2.94765e+04,2.93137e+04,3.40695e+01
974,2.94765e+04,2.92725e+04,1.36729e+02
975,2.94765e+04,2.92436e+04,5.91228e+01
976,2.94765e+04,2.93301e+04,8.56606e+01
977,2.94765e+04,2.93529e+04,7.23540e+01
978,2.94765e+04,2.92637e+04,1.37398e+02
979,2.94765e+04,2.92197e+04,7.46622e+01
980,2.94765e+04,2.93570e+04,6.64657e+01
981,2.94765e+04,2.92615e+04,1.20853e+02
982,2.94765e+04,2.92626e+04,9.84753e+01
983,2.94765e+04,2.93418e+04,3.42837e+01
984,2.94765e+04,2.93388e+04,8.16630e+01
985,2.94765e+04,2.93272e+04,4.75532e+01
986,2.94765e+04,2.92838e+04,6.60428e+01
987,2.94765e+04,2.92816e+04,1.69351e+02
988,2.94765e+04,2.92489e+04,1.13320e+02
989,2.94765e+04,2.93475e+04,6.81099e+01
990,2.94765e+04,2.93291e+04,3.26974e+01
991,2.94765e+04,2.93039e+04,8.20699e+01
992,2.94765e+04,2.93531e+04,3.45757e+01
993,2.94765e+04,2.92692e+04,5.76755e+01
994,2.94765e+04,2.93234e+04,4.93904e+01
995,2.94765e+04,2.92629e+04,3.69860e+01
996,2.94765e+04,2.92473e+04,1.26172e+02
997,2.94765e+04,2.92307e+04,1.11538e+02
998,2.94765e+04,2.92628e+04,9.18296e+01
999,2.94765e+04,2.92774e+04,1.57846e+02
1000,2.94765e+04,2.92402e+04,1.22478e+02
1001,2.94765e+04,2.92321e+04,8.95480e+01
1002,2.94765e+04,2.92881e+04,4.30510e+01
1003,2.94765e+04,2.92509e+04,1.24255e+02
1004,2.94765e+04,2.92511e+04,1.10822e+02
1005,2.94765e+04,2.93460e+04,7.67255e+01
1006,2.94765e+04,2.93393e+04,5.38499e+01
1007,2.94765e+04,2.93453e+04,7.23673e+01
1008,2.94765e+04,2.93150e+04,8.51737e+01
1009,2.94765e+04,2.92657e+04,1.34176e+02
1010,2.94765e+04,2.93408e+04,7.35427e+01
1011,2.94765e+04,2.93075e+04,3.86594e+01
1012,2.94765e+04,2.92980e+04,5.58553e+01
1013,2.94765e+04,2.93222e+04,8.51372e+01
1014,2.94765e+04,2.92692e+04,4.91861e+01
1015,2.94765e+04,2.92520e+04,1.21275e+02
1016,2.94765e+04,2.93085e+04,8.16813e+01
1017,2.94765e+04,2.93500e+04,7.19062e+01
1018,2.94765e+04,2.92971e+04,7.20621e+01
1019,2.94765e+04,2.92703e+04,8.02483e+01
1020,2.94765e+04,2.92516e+04,1.02233e+02
1021,2.97841e+04,2.92651e+04,9.86088e+01
1022,2.94765e+04,2.92697e+04,1.37717e+02
1023,2.94765e+04,2.93183e+04,5.19463e+01
1024,2.94765e+04,2.92772e+04,7.04049e+01
1025,2.94765e+04,2.93047e+04,8.01815e+01
1026,2.94765e+04,2.92636e+04,8.53930e+01
1027,2.94765e+04,2.92476e+04,1.05626e+02
1028,2.94765e+04,2.92552e+04,9.91484e+01
1029,2.94765e+04,2.93341e+04,7.55269e+01
1030,2.94765e+04,2.92534e+04,1.20753e+02
1031,2.94765e+04,2.92487e+04,1.11446e+02
1032,2.94765e+04,2.92709e+04,5.95755e+01
1033,2.94765e+04,2.93355e+04,3.65856e+01
1034,2.94765e+04,2.93549e+04,3.76339e+01
1035,2.94765e+04,2.92365e+04,1.14090e+02
1036,2.94765e+04,2.92877e+04,5.51474e+01
1037,2.94765e+04,2.93228e+04,3.60645e+01
1038,2.94765e+04,2.93301e+04,8.36928e+01
1039,2.94765e+04,2.93424e+04,7.64577e+01
1040,2.94765e+04,2.93002e+04,7.58679e+01
1041,2.94765e+04,2.93470e+04,3.82205e+01
1042,2.98424e+04,2.92478e+04,4.60458e+01
1043,2.94765e+04,2.92414e+04,1.15014e+02
1044,2.94765e+04,2.92306e+04,1.02148e+02
1045,2.94765e+04,2.93356e+04,4.98967e+01
1046,2.94765e+04,2.92975e+04,4.58353e+01
1047,2.94765e+04,2.93132e+04,8.12267e+01
1048,2.94765e+04,2.92546e+04,9.30703e+01
1049,2.94765e+04,2.92377e+04,9.83548e+01
1050,2.94765e+04,2.93348e+04,7.78800e+01
1051,2.94765e+04,2.93189e+04,3.92742e+01
1052,2.98372e+04,2.92501e+04,1.01029e+02
1053,2.94765e+04,2.93086e+04,7.89248e+01
1054,2.94765e+04,2.92903e+04,5.05100e+01
1055,2.94765e+04,2.92391e+04,8.87901e+01
1056,2.94765e+04,2.92685e+04,7.79664e+01
1057,2.97920e+04,2.92621e+04,1.07478e+02
1058,2.94765e+04,2.93078e+04,5.73641e+01
1059,2.94765e+04,2.92436e+04,9.72909e+01
1060,2.94765e+04,2.93584e+04,4.89364e+01
1061,2.94765e+04,2.93042e+04,7.59045e+01
1062,2.94765e+04,2.93378e+04,8.01137e+01
1063,2.94765e+04,2.92995e+04,6.93843e+01
1064,2.94765e+04,2.92403e+04,9.92553e+01
1065,2.94765e+04,2.93202e+04,8.19709e+01
1066,2.94765e+04,2.92558e+04,8.79275e+01
1067,2.97987e+04,2.92482e+04,3.51911e+01
1068,2.94765e+04,2.93242e+04,7.85821e+01
1069,2.98461e+04,2.92542e+04,1.63562e+02
1070,2.94765e+04,2.92845e+04,6.26927e+01
1071,2.94765e+04,2.92499e+04,7.68565e+01
1072,2.94765e+04,2.93430e+04,5.88096e+01
1073,2.94765e+04,2.93552e+04,4.29583e+01
1074,2.94765e+04,2.93409e+04,6.32254e+01
1075,2.94765e+04,2.92468e+04,9.35866e+01
1076,2.94765e+04,2.93385e+04,3.98516e+01
1077,2.94765e+04,2.92887e+04,4.89092e+01
1078,2.94765e+04,2.92585e+04,8.29360e+01
1079,2.94765e+04,2.93495e+04,4.23188e+01
1080,2.98071e+04,2.92714e+04,9.69762e+01
1081,2.94765e+04,2.93302e+04,8.11229e+01
1082,2.94765e+04,2.93019e+04,7.26896e+01
1083,2.94765e+04,2.92678e+04,6.75112e+01
1084,2.94765e+04,2.92358e+04,1.03133e+02
1085,2.94765e+04,2.92970e+04,5.08771e+01
1086,2.94765e+04,2.93396e+04,6.30728e+01
1087,2.94765e+04,2.93116e+04,7.70390e+01
1088,2.94765e+04,2.93053e+04,7.13562e+01
1089,2.94765e+04,2.92431e+04,8.62730e+01
1090,2.94765e+04,2.93177e+04,4.10395e+01
1091,2.94765e+04,2.92451e+04,8.77705e+01
1092,2.94765e+04,2.93074e+04,7.41031e+01
1093,2.94765e+04,2.92330e+04,9.67733e+01
1094,2.94765e+04,2.93211e+04,7.99980e+01
1095,2.94765e+04,2.92954e+04,5.55834e+01
1096,2.94765e+04,2.92608e+04,7.85311e+01
1097,2.94765e+04,2.92680e+04,7.52900e+01
1098,2.94765e+04,2.93141e+04,4.37281e+01
1099,2.98615e+04,2.92920e+04,7.91771e+01
1100,2.94765e+04,2.93021e+04,6.30845e+01
1101,2.94765e+04,2.92668e+04,6.52446e+01
1102,2.94765e+04,2.92517e+04,8.40836e+01
1103,2.94765e+04,2.93633e+04,3.85444e+01
1104,2.94765e+04,2.93447e+04,5.63751e+01
1105,2.94765e+04,2.93057e+04,6.35623e+01
1106,2.94765e+04,2.93337e+04,4.15997e+01
1107,2.94765e+04,2.93250e+04,4.51818e+01
1108,2.94765e+04,2.93071e+04,6.70667e+01
1109,2.94765e+04,2.92571e+04,7.79740e+01
1110,2.94765e+04,2.93640e+04,3.73453e+01
1111,2.94765e+04,2.93484e+04,4.56222e+01
1112,2.94765e+04,2.92678e+04,6.91334e+01
1113,2.94765e+04,2.93090e+04,4.85292e+01
1114,2.94765e+04,2.93185e+04,4.75964e+01
1115,2.94765e+04,2.93112e+04,5.99842e+01
1116,2.98422e+04,2.92476e+04,1.24896e+02
1117,2.94765e+04,2.92673e+04,7.42396e+01
1118,2.94765e+04,2.92807e+04,6.14089e+01
1119,2.94765e+04,2.93654e+04,2.60957e+01
1120,2.94765e+04,2.93212e+04,4.43097e+01
1121,2.94765e+04,2.92686e+04,7.17993e+01
1122,2.94765e+04,2.92361e+04,9.01747e+01
1123,2.94765e+04,2.93384e+04,4.43482e+01
1124,2.94765e+04,2.92967e+04,1.48940e+01
1125,2.94765e+04,2.93491e+04,5.26684e+01
1126,2.94765e+04,2.93151e+04,4.73622e+01
1127,2.94765e+04,2.93521e+04,1.02318e+01
1128,2.94765e+04,2.93539e+04,5.19591e+01
1129,2.94765e+04,2.92140e+04,6.19867e+01
1130,2.94765e+04,2.92091e+04,7.60759e+01
1131,2.94765e+04,2.90916e+04,9.78706e+02
1132,2.94765e+04,2.91940e+04,2.51391e+02
1133,2.94765e+04,2.91301e+04,1.70832e+02
1134,2.94765e+04,2.91684e+04,1.59878e+02
1135,2.94765e+04,2.92085e+04,2.14438e+02
1136,2.94765e+04,2.91599e+04,8.07531e+01
1137,2.98538e+04,2.91648e+04,2.81532e+01
1138,2.94765e+04,2.91783e+04,2.77233e+02
1139,2.94765e+04,2.91548e+04,8.32375e+02
1140,2.94765e+04,2.90717e+04,1.16223e+02
1141,2.94765e+04,2.92116e+04,1.78475e+02
1142,2.94765e+04,2.91545e+04,9.02885e+02
1143,2.94765e+04,2.91869e+04,1.24991e+02
1144,2.94765e+04,2.91649e+04,3.36603e+02
1145,2.94765e+04,2.90731e+04,1.11822e+02
1146,2.94765e+04,2.90730e+04,1.14794e+02
1147,2.94765e+04,2.91593e+04,4.03747e+02
1148,2.94765e+04,2.90858e+04,1.28834e+02
1149,2.94765e+04,2.90761e+04,1.16314e+02
1150,2.94765e+04,2.90815e+04,1.26038e+02
1151,2.94765e+04,2.90744e+04,1.16598e+02
1152,2.94765e+04,2.90749e+04,1.18843e+02
1153,2.94765e+04,2.90773e+04,1.09714e+02
1154,2.94765e+04,2.90759e+04,1.14410e+02
1155,2.94765e+04,2.90774e+04,1.23393e+02
1156,2.94765e+04,2.91968e+04,8.96547e+01
1157,2.94765e+04,2.90767e+04,1.20906e+02
1158,2.94765e+04,2.90861e+04,1.34655e+02
1159,2.96714e+04,2.90983e+04,2.98155e+01
1160,2.94765e+04,2.92062e+04,2.80373e+01
1161,2.94765e+04,2.91568e+04,4.74040e+02
1162,2.94765e+04,2.90729e+04,9.49978e+02
1163,2.94765e+04,2.90692e+04,9.81447e+02
1164,2.94765e+04,2.90730e+04,8.80333e+02
1165,2.94765e+04,2.90731e+04,9.14937e+02
1166,2.94765e+04,2.90954e+04,9.00196e+02
1167,2.94765e+04,2.90731e+04,8.11742e+02
1168,2.94765e+04,2.90730e+04,8.45993e+02
1169,2.94765e+04,2.90955e+04,8.29819e+02
1170,2.94765e+04,2.91541e+04,9.67833e+01
1171,2.98047e+04,2.90982e+04,5.18864e+01
1172,2.94765e+04,2.91623e+04,9.18257e+01
1173,2.94765e+04,2.90732e+04,7.40737e+02
1174,2.94765e+04,2.90731e+04,7.76863e+02
1175,2.94765e+04,2.90955e+04,7.59317e+02
1176,2.94765e+04,2.92096e+04,1.54523e+02
1177,2.94765e+04,2.91557e+04,5.45818e+02
1178,2.95946e+04,2.91643e+04,1.55089e+01
1179,2.94765e+04,2.90811e+04,1.40513e+02
1180,2.94765e+04,2.90732e+04,6.67360e+02
1181,2.94765e+04,2.90732e+04,7.04023e+02
1182,2.94765e+04,2.90956e+04,6.86827e+02
1183,2.94765e+04,2.91747e+04,8.91044e+01
1184,2.94765e+04,2.90733e+04,5.94429e+02
1185,2.94765e+04,2.90732e+04,6.30779e+02
1186,2.94765e+04,2.90958e+04,6.14076e+02
1187,2.94765e+04,2.90734e+04,5.22448e+02
1188,2.94765e+04,2.90733e+04,5.58264e+02
1189,2.94765e+04,2.90961e+04,5.41884e+02
1190,2.94765e+04,2.90736e+04,4.52012e+02
1191,2.94765e+04,2.90734e+04,4.87021e+02
1192,2.94765e+04,2.90966e+04,4.70872e+02
1193,2.94765e+04,2.90684e+04,1.34414e+02
1194,2.94765e+04,2.90702e+04,1.32155e+02
1195,2.94765e+04,2.91552e+04,6.18070e+02
1196,2.94765e+04,2.90739e+04,3.84559e+02
1197,2.94765e+04,2.90737e+04,4.17850e+02
1198,2.94765e+04,2.90978e+04,4.02155e+02
1199,2.94765e+04,2.90751e+04,3.21815e+02
1200,2.94765e+04,2.90743e+04,3.52380e+02
1201,2.94765e+04,2.91006e+04,3.37174e+02
1202,2.94765e+04,2.90761e+04,2.70387e+02
1203,2.94765e+04,2.90763e+04,2.93698e+02
1204,2.94765e+04,2.91096e+04,2.78298e+02
1205,2.94765e+04,2.90729e+04,2.23580e+02
1206,2.94765e+04,2.90734e+04,2.35352e+02
1207,2.94765e+04,2.90945e+04,2.26417e+02
1208,2.94765e+04,2.91549e+04,6.90226e+02
1209,2.94765e+04,2.90713e+04,2.05469e+02
1210,2.94765e+04,2.90725e+04,2.13787e+02
1211,2.94765e+04,2.90906e+04,2.06802e+02
1212,2.94765e+04,2.90663e+04,1.79123e+02
1213,2.94765e+04,2.90687e+04,1.96247e+02
1214,2.94765e+04,2.90748e+04,1.92034e+02
1215,2.94765e+04,2.90677e+04,1.44855e+02
1216,2.94765e+04,2.90666e+04,1.56505e+02
1217,2.94765e+04,2.90715e+04,1.49503e+02
1218,2.94765e+04,2.91548e+04,7.61743e+02
1219,2.94765e+04,2.91263e+04,9.91303e+02
1220,2.94765e+04,2.91902e+04,1.65922e+02
1221,2.94765e+04,2.90985e+04,1.26356e+02
1222,2.94765e+04,2.92138e+04,2.00902e+02
1223,2.94765e+04,2.91697e+04,3.05587e+02
1224,2.94765e+04,2.92014e+04,2.31480e+02
1225,2.94765e+04,2.90954e+04,8.64738e+02
1226,2.94765e+04,2.90951e+04,9.37448e+02
1227,2.94765e+04,2.90955e+04,7.94862e+02
1228,2.94765e+04,2.91547e+04,8.67551e+02
1229,2.94765e+04,2.91544e+04,9.38660e+02
1230,2.94765e+04,2.91548e+04,7.97144e+02
1231,2.98155e+04,2.91012e+04,3.42656e+01
1232,2.94765e+04,2.91648e+04,9.22574e+01
1233,2.94765e+04,2.92043e+04,9.65464e+01
1234,2.94765e+04,2.91463e+04,1.06490e+02
1235,2.94765e+04,2.90856e+04,1.36468e+02
1236,2.94765e+04,2.91638e+04,9.12719e+01
1237,2.94765e+04,2.91877e+04,9.20762e+01
1238,2.94765e+04,2.90741e+04,1.14060e+02
1239,2.94765e+04,2.90739e+04,1.15548e+02
1240,2.94765e+04,2.90768e+04,1.10010e+02
1241,2.94765e+04,2.90753e+04,1.10439e+02
1242,2.94765e+04,2.90760e+04,1.17946e+02
1243,2.94765e+04,2.90749e+04,1.15465e+02
1244,2.94765e+04,2.90735e+04,1.14975e+02
1245,2.94765e+04,2.94476e+04,5.41132e+01
1246,2.94765e+04,2.94579e+04,5.69291e+01
1247,2.94765e+04,2.90735e+04,1.12751e+02
1248,2.94765e+04,2.94530e+04,5.61993e+01
1249,2.94765e+04,2.91549e+04,7.26076e+02
1250,2.94765e+04,2.91550e+04,6.54170e+02
1251,2.94765e+04,2.92115e+04,1.64847e+02
1252,2.94765e+04,2.92117e+04,1.90737e+02
1253,2.94765e+04,2.91554e+04,5.81926e+02
1254,2.94765e+04,2.91616e+04,3.69765e+02
1255,2.94765e+04,2.91011e+04,2.56698e+02
1256,2.94765e+04,2.91038e+04,3.06591e+02
1257,2.94765e+04,2.90987e+04,3.68870e+02
1258,2.94765e+04,2.90970e+04,4.36093e+02
1259,2.94765e+04,2.92019e+04,1.61549e+02
1260,2.94765e+04,2.90962e+04,5.06244e+02
1261,2.94765e+04,2.90959e+04,5.77916e+02
1262,2.94765e+04,2.91562e+04,5.09908e+02
1263,2.94765e+04,2.90957e+04,6.50419e+02
1264,2.94765e+04,2.91530e+04,8.05928e+01
1265,2.94765e+04,2.90682e+04,1.38469e+02
1266,2.94765e+04,2.90728e+04,1.36062e+02
1267,2.94765e+04,2.90956e+04,7.23201e+02
1268,2.94765e+04,2.91579e+04,4.38699e+02
1269,2.94765e+04,2.90731e+04,1.40522e+02
1270,2.94765e+04,2.90693e+04,1.68253e+02
1271,2.94765e+04,2.90861e+04,2.00079e+02
1272,2.94765e+04,2.90929e+04,2.15543e+02
1273,2.94765e+04,2.90744e+04,2.50510e+02
1274,2.94765e+04,2.90968e+04,2.39638e+02
1275,2.97351e+04,2.91677e+04,3.48592e+01
1276,2.94765e+04,2.91712e+04,1.47284e+02
1277,2.94765e+04,2.91560e+04,9.75733e+02
1278,2.94765e+04,2.91976e+04,8.20174e+01
1279,2.94765e+04,2.90756e+04,1.20725e+02
1280,2.94765e+04,2.90733e+04,1.11888e+02
1281,2.94765e+04,2.90807e+04,1.10486e+02
1282,2.94765e+04,2.90793e+04,1.09809e+02
1283,2.94765e+04,2.90835e+04,1.11723e+02
1284,2.94765e+04,2.90822e+04,1.10990e+02
1285,2.94765e+04,2.94494e+04,5.33087e+01
1286,2.94765e+04,2.91249e+04,8.13457e+02
1287,2.94765e+04,2.91247e+04,7.42411e+02
1288,2.94765e+04,2.91756e+04,8.90487e+01
1289,2.94765e+04,2.91800e+04,1.12697e+02
1290,2.94765e+04,2.91277e+04,4.20226e+02
1291,2.94765e+04,2.90801e+04,1.10083e+02
1292,2.94765e+04,2.94543e+04,5.50245e+01
1293,2.94765e+04,2.91268e+04,4.54912e+02
1294,2.94765e+04,2.90784e+04,1.23576e+02
1295,2.94765e+04,2.91741e+04,7.97873e+01
1296,2.94765e+04,2.91656e+04,9.91554e+01
1297,2.94765e+04,2.91248e+04,7.78092e+02
1298,2.94765e+04,2.91248e+04,7.06454e+02
1299,2.94765e+04,2.90799e+04,1.45192e+02
1300,2.94765e+04,2.91562e+04,2.67427e+02
1301,2.94765e+04,2.91857e+04,1.23936e+02
1302,2.94765e+04,2.91861e+04,2.25335e+02
1303,2.94765e+04,2.91932e+04,1.78912e+02
1304,2.94765e+04,2.91142e+04,2.05092e+02
1305,2.94765e+04,2.90966e+04,1.85444e+02
1306,2.94765e+04,2.91249e+04,6.34124e+02
1307,2.94765e+04,2.91257e+04,5.25915e+02
1308,2.94765e+04,2.91249e+04,6.70330e+02
1309,2.94765e+04,2.91249e+04,8.48660e+02
1310,2.94765e+04,2.91252e+04,5.97948e+02
1311,2.94765e+04,2.90763e+04,1.16163e+02
1312,2.96492e+04,2.91172e+04,1.22182e+02
1313,2.94765e+04,2.90733e+04,1.15699e+02
1314,2.94765e+04,2.90744e+04,1.66404e+02
1315,2.94765e+04,2.91349e+04,3.21823e+02
1316,2.97327e+04,2.92529e+04,5.82067e+00
1317,2.94765e+04,2.90869e+04,1.62232e+02
1318,2.94765e+04,2.91236e+04,9.57151e+02
1319,2.94765e+04,2.91253e+04,5.61841e+02
1320,2.94765e+04,2.91733e+04,2.45536e+02
1321,2.94765e+04,2.91260e+04,4.90223e+02
1322,2.94765e+04,2.91290e+04,3.86336e+02
1323,2.94765e+04,2.91944e+04,2.07698e+02
1324,2.96840e+04,2.91186e+04,3.11604e+01
1325,2.97552e+04,2.92330e+04,5.52849e+00
1326,2.94765e+04,2.91950e+04,1.85448e+02
1327,2.94765e+04,2.91412e+04,2.92006e+02
1328,2.94765e+04,2.91311e+04,3.53416e+02
1329,2.94765e+04,2.91069e+04,1.95674e+02
1330,2.94765e+04,2.90793e+04,1.90249e+02
1331,2.94765e+04,2.90773e+04,1.33986e+02
1332,2.94765e+04,2.91180e+04,2.15106e+02
1333,2.94765e+04,2.91536e+04,9.15617e+01
1334,2.94765e+04,2.91247e+04,8.84049e+02
1335,2.94765e+04,2.91873e+04,1.75971e+02
1336,2.94765e+04,2.91654e+04,1.48371e+02
1337,2.94765e+04,2.90816e+04,1.25068e+02
1338,2.94765e+04,2.91647e+04,1.60243e+02
1339,2.94765e+04,2.91265e+04,2.40338e+02
1340,2.95013e+04,2.91854e+04,2.00594e+01
1341,2.94765e+04,2.93007e+04,3.59954e+01
1342,2.94765e+04,2.91726e+04,8.93010e+01
1343,2.94765e+04,2.90812e+04,1.10962e+02
1344,2.94765e+04,2.90901e+04,1.19363e+02
1345,2.94765e+04,2.91785e+04,1.72507e+02
1346,2.94765e+04,2.91368e+04,2.55859e+02
1347,2.94765e+04,2.91866e+04,6.39195e+01
1348,2.94765e+04,2.91209e+04,2.26987e+02
1349,2.94765e+04,2.91934e+04,1.95997e+02
1350,2.94765e+04,2.91421e+04,1.69053e+02
1351,2.94765e+04,2.90804e+04,1.10416e+02
1352,2.94765e+04,2.91244e+04,9.20115e+02
1353,2.94765e+04,2.91378e+04,1.90669e+02
1354,2.94765e+04,2.92977e+04,3.75348e+01
1355,2.94765e+04,2.91727e+04,2.19475e+02
1356,2.94765e+04,2.91731e+04,1.88707e+02
1357,2.94765e+04,2.90758e+04,1.08809e+02
1358,2.94765e+04,2.91696e+04,2.09149e+02
1359,2.94765e+04,2.92067e+04,5.14025e+01
1360,2.94765e+04,2.91694e+04,1.81041e+02
1361,2.94765e+04,2.91575e+04,2.36155e+02
1362,2.94765e+04,2.91403e+04,1.65817e+02
1363,2.94765e+04,2.91391e+04,2.01427e+02
1364,2.94765e+04,2.90806e+04,1.16381e+02
1365,2.94765e+04,2.91827e+04,6.83384e+01
1366,2.94765e+04,2.90833e+04,1.11607e+02
1367,2.94765e+04,2.91606e+04,1.60432e+02
1368,2.94765e+04,2.91483e+04,2.24723e+02
1369,2.94765e+04,2.91861e+04,8.52784e+01
1370,2.94765e+04,2.90801e+04,1.10355e+02
1371,2.98043e+04,2.91434e+04,2.32503e+01
1372,2.94765e+04,2.91239e+04,1.84955e+02
1373,2.94765e+04,2.90838e+04,1.11647e+02
1374,2.94765e+04,2.91563e+04,1.40757e+02
1375,2.94765e+04,2.91658e+04,1.72675e+02
1376,2.94765e+04,2.91667e+04,8.36747e+01
1377,2.94765e+04,2.91862e+04,1.22044e+02
1378,2.94765e+04,2.91875e+04,8.86173e+01
1379,2.94765e+04,2.91421e+04,2.14105e+02
1380,2.94765e+04,2.90882e+04,1.81116e+02
1381,2.94765e+04,2.91737e+04,1.97432e+02
1382,2.94765e+04,2.91579e+04,2.23253e+01
1383,2.96407e+04,2.91862e+04,3.85063e+01
1384,2.94765e+04,2.91454e+04,1.51291e+02
1385,2.94765e+04,2.90914e+04,1.36805e+02
1386,2.94765e+04,2.91634e+04,9.00735e+01
1387,2.94765e+04,2.91927e+04,5.70821e+01
1388,2.97402e+04,2.92443e+04,5.70924e+00
1389,2.97537e+04,2.93251e+04,6.16786e+01
1390,2.94765e+04,2.91660e+04,1.44144e+02
1391,2.94765e+04,2.94584e+04,5.60367e+01
1392,2.94765e+04,2.91483e+04,1.83142e+02
1393,2.94765e+04,2.91904e+04,5.35519e+01
1394,2.97030e+04,2.92693e+04,3.77441e+01
1395,2.94765e+04,2.91868e+04,9.95884e+01
1396,2.94765e+04,2.90759e+04,1.11662e+02
1397,2.94765e+04,2.91528e+04,2.17043e+01
1398,2.94765e+04,2.91920e+04,8.49355e+01
1399,2.94765e+04,2.91523e+04,1.33245e+02
1400,2.94765e+04,2.91545e+04,1.65934e+02
1401,2.97524e+04,2.92283e+04,7.45488e+00
1402,2.94765e+04,2.91326e+04,1.72326e+02
1403,2.94765e+04,2.90734e+04,1.05647e+02
1404,2.94765e+04,2.91541e+04,1.54643e+02
1405,2.96399e+04,2.91008e+04,1.03781e+02
1406,2.94765e+04,2.91618e+04,8.35986e+01
1407,2.94765e+04,2.91577e+04,1.81829e+02
1408,2.94765e+04,2.91835e+04,6.79064e+01
1409,2.94765e+04,2.90905e+04,1.23404e+02
1410,2.94765e+04,2.91568e+04,1.92905e+02
1411,2.97776e+04,2.91974e+04,4.86266e+00
1412,2.94765e+04,2.91558e+04,2.03717e+02
1413,2.94765e+04,2.91572e+04,1.32699e+02
1414,2.95778e+04,2.90753e+04,2.32147e+01
1415,2.94765e+04,2.91777e+04,1.31859e+02
1416,2.94765e+04,2.90795e+04,1.22052e+02
1417,2.96324e+04,2.91052e+04,1.28671e+02
1418,2.94765e+04,2.91241e+04,1.82359e+02
1419,2.94765e+04,2.91879e+04,9.98316e+01
1420,2.98056e+04,2.91632e+04,5.30688e+00
1421,2.95877e+04,2.91221e+04,8.41648e+00
1422,2.94765e+04,2.91772e+04,8.13048e+01
1423,2.94765e+04,2.91704e+04,9.34568e+01
1424,2.94765e+04,2.92196e+04,3.39555e+01
1425,2.94765e+04,2.91959e+04,8.39653e+01
1426,2.94765e+04,2.91928e+04,5.57208e+01
1427,2.94765e+04,2.91498e+04,1.64624e+02
1428,2.94765e+04,2.92153e+04,6.18854e+01
1429,2.94765e+04,2.91379e+04,1.56405e+02
1430,2.97507e+04,2.91443e+04,3.59276e+01
1431,2.94765e+04,2.91793e+04,7.66107e+01
1432,2.94765e+04,2.91467e+04,1.25208e+02
1433,2.94765e+04,2.90937e+04,1.34219e+02
1434,2.94765e+04,2.91644e+04,7.62844e+01
1435,2.94765e+04,2.92155e+04,6.01327e+01
1436,2.94765e+04,2.92114e+04,3.78979e+01
1437,2.94765e+04,2.91784e+04,1.25992e+02
1438,2.94765e+04,2.91488e+04,1.27034e+02
1439,2.94765e+04,2.91898e+04,4.07520e+01
1440,2.94765e+04,2.91984e+04,3.02972e+01
1441,2.94765e+04,2.91970e+04,1.08826e+02
1442,2.94765e+04,2.91637e+04,1.17005e+02
1443,2.94765e+04,2.90834e+04,1.24799e+02
1444,2.94765e+04,2.92057e+04,4.10972e+01
1445,2.94765e+04,2.91944e+04,8.00994e+01
1446,2.94765e+04,2.90723e+04,1.05798e+02
1447,2.97693e+04,2.91304e+04,6.84405e+01
1448,2.97628e+04,2.91189e+04,8.42834e+01
1449,2.94765e+04,2.92134e+04,4.99878e+01
1450,2.97085e+04,2.91039e+04,4.08594e+01
1451,2.94765e+04,2.92144e+04,4.55341e+01
1452,2.94765e+04,2.91679e+04,1.38830e+02
1453,2.94765e+04,2.92000e+04,4.05042e+01
1454,2.94765e+04,2.91397e+04,1.32158e+02
1455,2.94765e+04,2.91980e+04,8.39981e+01
1456,2.94765e+04,2.91529e+04,1.11431e+02
1457,2.94765e+04,2.92029e+04,1.29659e+01
1458,2.94765e+04,2.92194e+04,2.71598e+01
1459,2.94765e+04,2.91669e+04,1.29986e+02
1460,2.94765e+04,2.91984e+04,3.75462e+01
1461,2.94765e+04,2.90754e+04,1.66183e+02
1462,2.94765e+04,2.91465e+04,1.03416e+02
1463,2.94765e+04,2.92209e+04,1.14278e+01
1464,2.94765e+04,2.91956e+04,1.01912e+02
1465,2.94765e+04,2.91594e+04,1.31148e+02
1466,2.94765e+04,2.91740e+04,1.27666e+02
1467,2.94765e+04,2.91982e+04,1.05435e+02
1468,2.94765e+04,2.91647e+04,1.31335e+02
1469,2.94765e+04,2.91641e+04,1.19217e+02
1470,2.94765e+04,2.94600e+04,5.49481e+01
1471,2.94765e+04,2.94602e+04,5.53917e+01
1472,2.94765e+04,2.94603e+04,5.59147e+01
1473,2.97078e+04,2.93790e+04,6.94042e+00
1474,2.94765e+04,2.93223e+04,2.37459e+01
1475,2.97167e+04,2.93736e+04,1.11860e+01
1476,2.96815e+04,2.93827e+04,9.26506e+00
1477,2.94765e+04,2.93759e+04,1.97860e+01
1478,2.94765e+04,2.93756e+04,2.01759e+01
1479,2.94765e+04,2.94490e+04,5.12012e+01
1480,2.94765e+04,2.94466e+04,5.02370e+01
1481,2.94765e+04,2.94491e+04,5.17440e+01
1482,2.94765e+04,2.94519e+04,5.25230e+01
1483,2.94765e+04,2.94437e+04,4.89484e+01
1484,2.94765e+04,2.94468e+04,5.10853e+01
1485,2.94765e+04,2.94448e+04,4.81449e+01
1486,2.94765e+04,2.94412e+04,4.59621e+01
1487,2.94765e+04,2.94437e+04,4.80933e+01
1488,2.94765e+04,2.94470e+04,4.99294e+01
1489,2.94765e+04,2.94392e+04,4.52752e+01
1490,2.94765e+04,2.94410e+04,4.68314e+01
1491,2.94765e+04,2.94415e+04,4.51308e+01
1492,2.94765e+04,2.94388e+04,4.33150e+01
1493,2.94765e+04,2.94398e+04,4.45230e+01
1494,2.94765e+04,2.94427e+04,4.63294e+01
1495,2.94765e+04,2.94368e+04,4.24477e+01
1496,2.94765e+04,2.94379e+04,4.39295e+01
1497,2.94765e+04,2.94400e+04,4.29866e+01
1498,2.94765e+04,2.94377e+04,4.11120e+01
1499,2.94765e+04,2.94380e+04,4.21093e+01
1500,2.94765e+04,2.94405e+04,4.39496e+01
1501,2.94765e+04,2.94349e+04,3.83394e+01
1502,2.94765e+04,2.94356e+04,4.03044e+01
1503,2.94765e+04,2.94408e+04,4.34633e+01
1504,2.94765e+04,2.94371e+04,3.88174e+01
1505,2.94765e+04,2.94375e+04,4.02497e+01
1506,2.94765e+04,2.94397e+04,4.22018e+01
1507,2.94765e+04,2.94388e+04,3.81853e+01
1508,2.94765e+04,2.94357e+04,3.75795e+01
1509,2.97216e+04,2.94332e+04,1.14855e+01
1510,2.97268e+04,2.94468e+04,1.15008e+01
1511,2.94765e+04,2.94369e+04,3.77477e+01
1512,2.94765e+04,2.94413e+04,4.39530e+01
1513,2.94765e+04,2.94593e+04,5.43363e+01
1514,2.94765e+04,2.94598e+04,5.42610e+01
1515,2.97250e+04,2.94389e+04,1.13018e+01
1516,2.94765e+04,2.94604e+04,5.35655e+01
1517,2.97282e+04,2.94443e+04,1.15838e+01
1518,2.97252e+04,2.94394e+04,1.10765e+01
1519,2.94765e+04,2.94427e+04,4.02586e+01
1520,2.94765e+04,2.94395e+04,3.77310e+01
1521,2.97158e+04,2.94246e+04,1.17129e+01
1522,2.94765e+04,2.94594e+04,5.07347e+01
1523,2.94765e+04,2.94612e+04,5.27645e+01
1524,2.97242e+04,2.94376e+04,1.15954e+01
1525,2.94765e+04,2.94562e+04,4.74737e+01
1526,2.96941e+04,2.94398e+04,1.69787e+01
1527,2.97150e+04,2.94248e+04,1.17653e+01
1528,2.96956e+04,2.94316e+04,1.42227e+01
1529,2.96935e+04,2.94282e+04,8.40137e+00
1530,2.97152e+04,2.94244e+04,1.18511e+01
1531,2.94765e+04,2.94363e+04,3.42570e+01
1532,2.94765e+04,2.94546e+04,4.27305e+01
1533,2.94765e+04,2.94567e+04,5.33588e+01
1534,2.98210e+04,2.94062e+04,7.23632e+00
1535,2.94765e+04,2.94496e+04,4.80465e+01
1536,2.97152e+04,2.94244e+04,1.18511e+01
1537,2.94765e+04,2.94164e+04,4.24142e+01
1538,2.94765e+04,2.94238e+04,3.72267e+01
1539,2.96605e+04,2.93497e+04,8.08170e+00
1540,2.96622e+04,2.93894e+04,1.72740e+01
1541,2.96628e+04,2.93924e+04,1.75944e+01
1542,2.96704e+04,2.93888e+04,7.35649e+00
1543,2.95453e+04,2.94151e+04,2.34663e+01
1544,2.94765e+04,2.93990e+04,1.74012e+01
1545,2.94765e+04,2.93186e+04,1.19403e+01
1546,2.98009e+04,2.93677e+04,8.27448e+00
1547,2.94765e+04,2.94532e+04,4.26139e+01
1548,2.96713e+04,2.93924e+04,7.36754e+00
1549,2.98010e+04,2.93677e+04,1.40199e+01
1550,2.94765e+04,2.93967e+04,2.37570e+01
1551,2.96048e+04,2.93011e+04,8.43134e+00
1552,2.94765e+04,2.93224e+04,2.37136e+01
1553,2.96538e+04,2.93666e+04,1.74251e+01
1554,2.94765e+04,2.93226e+04,2.40263e+01
1555,2.94765e+04,2.93816e+04,1.33730e+01
1556,2.96120e+04,2.93769e+04,9.77563e+00
1557,2.96419e+04,2.93137e+04,1.47631e+01
1558,2.96917e+04,2.93881e+04,1.54561e+01
1559,2.94765e+04,2.92162e+04,8.98451e+01
1560,2.96427e+04,2.93134e+04,1.32649e+01
1561,2.96059e+04,2.93688e+04,8.43797e+00
1562,2.96075e+04,2.93712e+04,8.56237e+00
1563,2.96433e+04,2.93132e+04,1.26393e+01
1564,2.94765e+04,2.93092e+04,2.62617e+01
1565,2.94765e+04,2.92962e+04,2.32803e+01
1566,2.96441e+04,2.93127e+04,1.34371e+01
1567,2.96427e+04,2.93820e+04,1.94362e+01
1568,2.94765e+04,2.93335e+04,1.43640e+01
1569,2.96480e+04,2.93104e+04,1.40863e+01
1570,2.94765e+04,2.92919e+04,1.68634e+01
1571,2.94765e+04,2.92784e+04,3.24409e+01
1572,2.96593e+04,2.93482e+04,7.54919e+00
1573,2.94765e+04,2.93433e+04,2.32517e+01
1574,2.96343e+04,2.93923e+04,1.70704e+01
1575,2.96593e+04,2.93482e+04,7.75942e+00
1576,2.94765e+04,2.92875e+04,3.16126e+01
1577,2.96652e+04,2.93851e+04,1.39537e+01
1578,2.96594e+04,2.93484e+04,7.89159e+00
1579,2.96479e+04,2.93915e+04,1.50066e+01
1580,2.96392e+04,2.93874e+04,1.27804e+01
1581,2.94765e+04,2.94570e+04,5.43496e+01
1582,2.94765e+04,2.94558e+04,5.44357e+01
1583,2.94765e+04,2.94590e+04,5.52191e+01
1584,2.94765e+04,2.94593e+04,5.48442e+01
1585,2.94765e+04,2.94548e+04,5.46312e+01
1586,2.94765e+04,2.94585e+04,5.56152e+01
1587,2.94765e+04,2.94526e+04,5.32657e+01
1588,2.94765e+04,2.94545e+04,5.36256e+01
1589,2.94765e+04,2.94507e+04,5.31535e+01
1590,2.94765e+04,2.93167e+04,2.59793e+01
1591,2.97149e+04,2.93705e+04,1.18709e+01
1592,2.97138e+04,2.93684e+04,1.66392e+01
1593,2.96992e+04,2.93246e+04,7.92749e+00
1594,2.94765e+04,2.93198e+04,1.79875e+01
1595,2.94765e+04,2.92961e+04,2.20844e+01
1596,2.96992e+04,2.93246e+04,7.79032e+00
1597,2.94765e+04,2.93756e+04,1.81695e+01
1598,2.97073e+04,2.93571e+04,1.48251e+01
1599,2.96957e+04,2.93635e+04,7.07480e+00
1600,2.96975e+04,2.93625e+04,8.90861e+00
1601,2.96987e+04,2.93618e+04,7.83726e+00
1602,2.97150e+04,2.93660e+04,6.61087e+00
1603,2.97099e+04,2.93617e+04,1.65133e+01
1604,2.94765e+04,2.93766e+04,1.89188e+01
1605,2.96992e+04,2.93246e+04,7.47265e+00
1606,2.94765e+04,2.93224e+04,1.55227e+01
1607,2.94765e+04,2.93148e+04,1.44402e+01
1608,2.96906e+04,2.93297e+04,9.10735e+00
1609,2.94765e+04,2.93881e+04,1.18440e+01
1610,2.94765e+04,2.93878e+04,1.19155e+01
1611,2.97130e+04,2.93670e+04,1.28335e+01
1612,2.94765e+04,2.94397e+04,3.26388e+01
1613,2.97126e+04,2.93664e+04,1.61247e+01
1614,2.96211e+04,2.91757e+04,1.54814e+01
1615,2.94765e+04,2.90766e+04,1.52928e+02
1616,2.95732e+04,2.90678e+04,2.12280e+01
1617,2.94765e+04,2.92711e+04,3.96853e+01
1618,2.94765e+04,2.91312e+04,1.68453e+02
1619,2.94765e+04,2.91318e+04,1.75652e+02
1620,2.94765e+04,2.91839e+04,6.75144e+01
1621,2.95733e+04,2.90679e+04,2.05389e+01
1622,2.95734e+04,2.90680e+04,2.06809e+01
1623,2.94765e+04,2.90762e+04,1.71895e+02
1624,2.94765e+04,2.91317e+04,1.76389e+02
1625,2.94765e+04,2.91312e+04,1.68267e+02
1626,2.94765e+04,2.91937e+04,2.04067e+01
1627,2.95735e+04,2.90682e+04,2.07223e+01
1628,2.95737e+04,2.90686e+04,2.08073e+01
1629,2.96236e+04,2.91001e+04,6.72314e+00
1630,2.94765e+04,2.91311e+04,1.68041e+02
1631,2.94765e+04,2.91312e+04,1.68469e+02
1632,2.95842e+04,2.90742e+04,7.27605e+00
1633,2.95739e+04,2.90688e+04,2.08051e+01
1634,2.95741e+04,2.90692e+04,2.09476e+01
1635,2.96132e+04,2.91060e+04,6.51341e+00
1636,2.94765e+04,2.91310e+04,1.70659e+02
1637,2.94765e+04,2.91312e+04,1.73007e+02
1638,2.96118e+04,2.91065e+04,6.52382e+00
1639,2.95743e+04,2.90696e+04,2.05747e+01
1640,2.95745e+04,2.90698e+04,1.99959e+01
1641,2.96103e+04,2.91079e+04,9.45096e+00
1642,2.94765e+04,2.91309e+04,1.80184e+02
1643,2.94765e+04,2.91296e+04,1.84873e+02
1644,2.96073e+04,2.91089e+04,6.51985e+00
1645,2.95746e+04,2.90700e+04,1.96294e+01
1646,2.95748e+04,2.90704e+04,1.98464e+01
1647,2.96074e+04,2.91086e+04,6.52742e+00
1648,2.94765e+04,2.91250e+04,1.90102e+02
1649,2.94765e+04,2.91309e+04,1.81848e+02
1650,2.95750e+04,2.90707e+04,2.10637e+01
1651,2.96084e+04,2.91084e+04,6.52097e+00
1652,2.94765e+04,2.91311e+04,1.68817e+02
1653,2.96932e+04,2.93288e+04,1.00501e+01
1654,2.94765e+04,2.93139e+04,1.96408e+01
1655,2.94765e+04,2.93857e+04,1.21084e+01
1656,2.94765e+04,2.91608e+04,7.56114e+01
1657,2.94765e+04,2.91143e+04,1.80404e+02
1658,2.96205e+04,2.91747e+04,1.25522e+01
1659,2.96228e+04,2.91785e+04,1.27101e+01
1660,2.94765e+04,2.91925e+04,1.61853e+01
1661,2.94765e+04,2.91679e+04,1.56462e+01
1662,2.94765e+04,2.93446e+04,2.62304e+01
1663,2.94765e+04,2.93651e+04,4.17995e+01
1664,2.96903e+04,2.92979e+04,6.96979e+00
1665,2.94765e+04,2.92801e+04,2.22740e+01
1666,2.97476e+04,2.92762e+04,2.07296e+01
1667,2.94765e+04,2.93651e+04,4.14527e+01
1668,2.96403e+04,2.92797e+04,1.89974e+01
1669,2.96900e+04,2.92610e+04,6.28009e+00
1670,2.96881e+04,2.92811e+04,6.55824e+00
1671,2.96137e+04,2.92398e+04,1.68319e+01
1672,2.94765e+04,2.91854e+04,1.62852e+02
1673,2.96291e+04,2.92387e+04,4.64369e+01
1674,2.96538e+04,2.92792e+04,1.84239e+01
1675,2.96877e+04,2.92818e+04,6.59515e+00
1676,2.96874e+04,2.92845e+04,6.63841e+00
1677,2.96541e+04,2.92790e+04,1.85181e+01
1678,2.94765e+04,2.92153e+04,9.89137e+01
1679,2.94765e+04,2.92162e+04,8.94025e+01
1680,2.96549e+04,2.92785e+04,1.87059e+01
1681,2.96689e+04,2.92981e+04,8.03358e+00
1682,2.96680e+04,2.92986e+04,1.17469e+01
1683,2.94765e+04,2.92413e+04,6.02518e+01
1684,2.96869e+04,2.92839e+04,6.64468e+00
1685,2.96671e+04,2.92991e+04,1.42608e+01
1686,2.96290e+04,2.92787e+04,1.81359e+01
1687,2.94765e+04,2.92732e+04,2.86843e+01
1688,2.96338e+04,2.92912e+04,2.19030e+01
1689,2.94765e+04,2.92420e+04,6.24052e+01
1690,2.94765e+04,2.92919e+04,1.70520e+01
1691,2.94765e+04,2.93324e+04,2.43355e+01
1692,2.94765e+04,2.92692e+04,1.82335e+01
1693,2.94765e+04,2.93054e+04,2.65541e+01
1694,2.97951e+04,2.92432e+04,7.23106e+00
1695,2.96273e+04,2.92927e+04,1.89004e+01
1696,2.97936e+04,2.92420e+04,7.87512e+00
1697,2.97969e+04,2.92447e+04,7.74352e+00
1698,2.94765e+04,2.92934e+04,1.94975e+01
1699,2.98048e+04,2.92558e+04,7.09218e+00
1700,2.98412e+04,2.92455e+04,4.71808e+00
1701,2.94765e+04,2.92975e+04,2.47705e+01
1702,2.98114e+04,2.92880e+04,5.21764e+00
1703,2.98413e+04,2.92457e+04,5.38501e+00
1704,2.94982e+04,2.92501e+04,1.89010e+01
1705,2.94765e+04,2.93278e+04,2.37234e+01
1706,2.94765e+04,2.93321e+04,2.20883e+01
1707,2.94765e+04,2.92903e+04,1.86474e+01
1708,2.98616e+04,2.92921e+04,4.63077e+00
1709,2.94765e+04,2.92749e+04,2.04835e+01
1710,2.94765e+04,2.92918e+04,1.69154e+01
1711,2.96710e+04,2.93180e+04,1.77909e+01
1712,2.94765e+04,2.92971e+04,2.41950e+01
1713,2.94765e+04,2.92943e+04,2.09645e+01
1714,2.94885e+04,2.92541e+04,1.14807e+01
1715,2.94765e+04,2.92877e+04,1.62071e+01
1716,2.96803e+04,2.93261e+04,1.71262e+01
1717,2.96807e+04,2.93267e+04,1.71456e+01
1718,2.96815e+04,2.93281e+04,1.59430e+01
1719,2.96723e+04,2.93128e+04,1.61910e+01
1720,2.96902e+04,2.93398e+04,1.89019e+01
1721,2.96884e+04,2.93367e+04,1.86931e+01
1722,2.94765e+04,2.93137e+04,2.65438e+01
1723,2.94765e+04,2.93341e+04,2.38974e+01
1724,2.96704e+04,2.93095e+04,1.50042e+01
1725,2.96859e+04,2.93328e+04,9.20238e+00
1726,2.96777e+04,2.93338e+04,1.89042e+01
1727,2.96919e+04,2.93550e+04,1.48077e+01
1728,2.96768e+04,2.92655e+04,1.76558e+01
1729,2.96728e+04,2.93135e+04,1.65657e+01
1730,2.96963e+04,2.93502e+04,1.11749e+01
1731,2.94765e+04,2.92937e+04,3.17092e+01
1732,2.96925e+04,2.93562e+04,1.40295e+01
1733,2.94765e+04,2.93083e+04,2.46803e+01
1734,2.94765e+04,2.93016e+04,3.48832e+01
1735,2.96945e+04,2.93516e+04,1.13113e+01
1736,2.96949e+04,2.93522e+04,1.12950e+01
1737,2.94765e+04,2.92792e+04,3.17672e+01
1738,2.94765e+04,2.92788e+04,3.37164e+01
1739,2.95792e+04,2.93664e+04,2.37755e+01
1740,2.94765e+04,2.91973e+04,1.04794e+02
1741,2.97918e+04,2.91003e+04,2.49389e+01
1742,2.98117e+04,2.91960e+04,4.52987e+00
1743,2.97919e+04,2.91003e+04,2.49127e+01
1744,2.98042e+04,2.91637e+04,5.03993e+00
1745,2.98573e+04,2.92039e+04,8.43649e+00
1746,2.98674e+04,2.92068e+04,4.64756e+00
1747,2.98668e+04,2.92090e+04,8.06088e+00
1748,2.98653e+04,2.92146e+04,8.27772e+00
1749,2.98648e+04,2.92162e+04,6.45505e+00
1750,2.97534e+04,2.93252e+04,6.23505e+01
1751,2.97209e+04,2.91038e+04,9.56880e+00
1752,2.98632e+04,2.92221e+04,5.37668e+00
1753,2.98640e+04,2.92194e+04,8.39843e+00
1754,2.97346e+04,2.91254e+04,1.25693e+01
1755,2.94765e+04,2.93646e+04,4.32894e+01
1756,2.97394e+04,2.91364e+04,7.01885e+00
1757,2.98533e+04,2.92195e+04,8.54451e+00
1758,2.94765e+04,2.93650e+04,4.20208e+01
1759,2.94765e+04,2.91890e+04,1.83479e+01
1760,2.94765e+04,2.93099e+04,5.73983e+01
1761,2.97281e+04,2.92813e+04,5.93213e+00
1762,2.94765e+04,2.92382e+04,6.87159e+01
1763,2.94765e+04,2.92266e+04,3.60555e+01
1764,2.97275e+04,2.92819e+04,6.01353e+00
1765,2.97537e+04,2.93251e+04,6.15604e+01
1766,2.97388e+04,2.92753e+04,5.95696e+00
1767,2.94765e+04,2.93631e+04,4.75806e+01
1768,2.97824e+04,2.92240e+04,6.28037e+00
1769,2.94765e+04,2.93653e+04,4.02947e+01
1770,2.97365e+04,2.92762e+04,6.07271e+00
1771,2.96875e+04,2.92996e+04,8.47803e+00
1772,2.97479e+04,2.92763e+04,2.10853e+01
1773,2.94765e+04,2.92737e+04,2.37473e+01
1774,2.96977e+04,2.93531e+04,9.96973e+00
1775,2.94765e+04,2.93879e+04,1.16726e+01
1776,2.94765e+04,2.90974e+04,1.40416e+02
1777,2.96085e+04,2.91089e+04,6.50173e+00
1778,2.94765e+04,2.91024e+04,1.28358e+02
1779,2.94765e+04,2.90767e+04,1.18968e+02
1780,2.94765e+04,2.91852e+04,1.59596e+01
1781,2.94765e+04,2.91873e+04,1.57921e+01
1782,2.96268e+04,2.91633e+04,5.04239e+01
1783,2.95752e+04,2.90710e+04,2.57912e+01
1784,2.95764e+04,2.90730e+04,3.72705e+01
1785,2.94765e+04,2.91857e+04,6.24292e+01
1786,2.94765e+04,2.90909e+04,1.16385e+02
1787,2.94765e+04,2.90850e+04,1.12663e+02
1788,2.94765e+04,2.91403e+04,1.01805e+02
1789,2.94765e+04,2.90806e+04,1.85756e+02
1790,2.94765e+04,2.90947e+04,1.74812e+02
1791,2.96226e+04,2.91782e+04,1.16077e+01
1792,2.94765e+04,2.90777e+04,1.10281e+02
1793,2.94765e+04,2.90763e+04,1.12351e+02
1794,2.95875e+04,2.91217e+04,8.05535e+00
1795,2.94765e+04,2.91310e+04,1.67838e+02
1796,2.94765e+04,2.90814e+04,1.11367e+02
1797,2.95880e+04,2.91226e+04,8.26400e+00
1798,2.94765e+04,2.90767e+04,1.16044e+02
1799,2.94765e+04,2.90794e+04,1.24216e+02
1800,2.95900e+04,2.91258e+04,7.93960e+00
1801,2.94765e+04,2.90767e+04,1.14884e+02
1802,2.94765e+04,2.90842e+04,1.27934e+02
1803,2.96137e+04,2.91637e+04,1.86566e+01
1804,2.94765e+04,2.91904e+04,2.49307e+01
1805,2.98048e+04,2.90983e+04,5.35933e+01
1806,2.96120e+04,2.91610e+04,1.23158e+01
1807,2.94765e+04,2.91590e+04,9.42613e+01
1808,2.94765e+04,2.91583e+04,9.49062e+01
1809,2.94765e+04,2.91686e+04,1.57057e+01
1810,2.94765e+04,2.91981e+04,4.03963e+01
1811,2.98047e+04,2.90982e+04,2.87796e+01
1812,2.95921e+04,2.91293e+04,8.33888e+00
1813,2.94765e+04,2.91991e+04,4.40201e+01
1814,2.94765e+04,2.91992e+04,4.15935e+01
1815,2.95919e+04,2.91289e+04,7.87463e+00
1816,2.98048e+04,2.90983e+04,3.25737e+01
1817,2.98047e+04,2.90982e+04,3.52148e+01
1818,2.94765e+04,2.91911e+04,1.12856e+02
1819,2.94765e+04,2.91808e+04,9.00403e+01
1820,2.94765e+04,2.91984e+04,4.22862e+01
1821,2.94765e+04,2.91901e+04,1.13420e+02
1822,2.98048e+04,2.90983e+04,4.28546e+01
1823,2.94765e+04,2.92053e+04,4.89977e+01
1824,2.94765e+04,2.92096e+04,7.11790e+01
1825,2.94765e+04,2.91588e+04,9.45869e+01
1826,2.94765e+04,2.91933e+04,1.10352e+02
1827,2.94765e+04,2.91651e+04,9.20440e+01
1828,2.94765e+04,2.92116e+04,5.57427e+01
1829,2.98095e+04,2.90913e+04,2.39588e+01
1830,2.94765e+04,2.92083e+04,6.64996e+01
1831,2.94765e+04,2.92131e+04,6.31684e+01
1832,2.98107e+04,2.90933e+04,2.42557e+01
1833,2.94765e+04,2.92129e+04,6.50988e+01
1834,2.96023e+04,2.91166e+04,1.22840e+02
1835,2.94765e+04,2.91954e+04,1.08414e+02
1836,2.94765e+04,2.91938e+04,1.09943e+02
1837,2.94765e+04,2.91791e+04,1.11219e+02
1838,2.96111e+04,2.91069e+04,2.93780e+01
1839,2.94765e+04,2.92127e+04,5.74578e+01
1840,2.95533e+04,2.91223e+04,1.69949e+01
1841,2.98340e+04,2.91330e+04,3.36488e+01
1842,2.98564e+04,2.91594e+04,4.86465e+00
1843,2.98377e+04,2.91378e+04,3.02802e+01
1844,2.94765e+04,2.91971e+04,2.75904e+01
1845,2.98047e+04,2.90977e+04,2.53622e+01
1846,2.98422e+04,2.91452e+04,3.04366e+01
1847,2.98610e+04,2.91744e+04,1.02680e+01
1848,2.98046e+04,2.90978e+04,2.53622e+01
1849,2.94765e+04,2.91862e+04,6.67929e+01
1850,2.94765e+04,2.90788e+04,1.10632e+02
1851,2.94765e+04,2.90760e+04,1.19974e+02
1852,2.94765e+04,2.91803e+04,1.29738e+01
1853,2.94765e+04,2.90847e+04,1.12668e+02
1854,2.94765e+04,2.90757e+04,1.11507e+02
1855,2.94765e+04,2.91312e+04,1.75514e+02
1856,2.94765e+04,2.91034e+04,1.29812e+02
1857,2.94765e+04,2.90786e+04,1.10573e+02
1858,2.94765e+04,2.90913e+04,1.70396e+02
1859,2.96410e+04,2.91862e+04,3.99323e+01
1860,2.94765e+04,2.90768e+04,1.15944e+02
1861,2.94765e+04,2.91307e+04,1.63967e+02
1862,2.95768e+04,2.90737e+04,2.74678e+01
1863,2.94765e+04,2.90795e+04,1.24275e+02
1864,2.95896e+04,2.91242e+04,7.28706e+00
1865,2.95895e+04,2.91248e+04,8.83462e+00
1866,2.98088e+04,2.90956e+04,6.91631e+01
1867,2.94765e+04,2.91744e+04,6.94578e+01
1868,2.95877e+04,2.91220e+04,7.90330e+00
1869,2.94765e+04,2.90819e+04,1.25951e+02
1870,2.96161e+04,2.91676e+04,1.49233e+01
1871,2.96211e+04,2.91757e+04,1.41885e+01
